托育店铺,地址,百度地图经度,百度地图纬度,GCJ02经度,GCJ02纬度
小熊托托国际儿童成长中心,紫薇路钻石豪园（东北门）,113.2357483,23.41039294,113.2423061,23.41616442
全优加早教・托育（新塘广场校区）,新塘镇解放北路113号新星未来教育城2楼（广发银行楼上）,113.6198978,23.1282138,113.6263439,23.13437867
FAMIC放我家・家大兰亭社区托育园,宦溪西路兰亭盛荟四季里商业街1号143-144号,113.41382,23.12147985,113.4202504,23.12773123
稚乐堂早教托育中心,大源北路2号纳佰源5G智慧金谷二期6-30号2层201-204（大源北路东）,113.3609653,23.25855179,113.3674794,23.26439322
自然树儿童之家托育・早教（南沙金茂湾校区）,金象中路金茂西二街1号138房-140房,113.5253856,22.78662809,113.5318073,22.79295268
小鲸妈妈托育中心（剑桥郡店）,瀚澜一街38号,113.3927443,23.02598316,113.399167,23.03229642
飞屋牧童托育园（锐丰店）,荔红路锐丰中心7号楼,113.5078916,23.17979212,113.5143524,23.18606991
童心教育早教・托育（大石店）,富庭新月一街1号106、107,113.3202618,23.02936769,113.3267868,23.03519158
狮子王贝贝国际托育（户外花园旗舰店）,萝岗科学城开创大道锐丰广场9栋三楼全层（香雪地铁E出口即到）,113.4986468,23.17922095,113.5051329,23.18537328
米儿谷托育园（市桥店）,市桥街北桥路1号113-116号,113.363331,22.94444459,113.3698733,22.95033204
乐鲸灵婴幼儿托育・早教中心（花都锦城花园校区）,新华街花都永发路5号之七十八102铺-101,113.1960405,23.42278974,113.2025806,23.42868788
自然树儿童之家（海珠翠城花园托育.早教校区）,翠宝路168号翠城汇3楼（翠城花园北门旁）,113.2774246,23.08936161,113.2838663,23.09570047
全优加早教・托育（绿地缤纷校区）,龙湖街道九龙大道中新知识城绿地缤纷城153-5,113.555814,23.33018284,113.5623446,23.33608271
飞屋牧童托育园（南沙万达店）,双山大道万达广场二楼,113.5388069,22.80086053,113.54527,22.8070491
红树林托育中心,广州市番禺区雅居乐花园观景路510号,113.3779503,23.01351529,113.3844031,23.01964891
蒂芭卜蒙氏早教托育中心（保利香雪山店）,萝岗街道香雪二路96号,113.4843457,23.1813517,113.4908837,23.18725598
爱尔福托育早教中心,市广路238号誉瀛新天地誉瀛内街61号,113.3535758,22.97307808,113.360135,22.97882178
圣果成长园托育早教中心（菁品园校区）,盈溪路2-12(双)号二层自编02号商铺,113.425914,23.120858,113.4323819,23.1269267
童果壹号贝贝托育早教中心（龙归店）,龙归永兴西环路2号,113.3249636,23.27532577,113.3315081,23.28108486
贝贝加国际保育园托育早教,悦云路218号201铺（荷塘月色高尔夫社区卫生站旁）,113.2747039,23.20358658,113.2811518,23.20991646
英翰国际儿童中心（洛溪店）,洛溪新城如意一马路122号,113.3110622,23.04630881,113.3175724,23.0522912
自然树儿童之家 ・ 托育（花都凯旋门校区）,三东大道89号之二14号凯旋门商铺,113.2318728,23.41716627,113.2384452,23.42289329
自然树儿童之家托育・早教（海珠区保利花园店）,工业大道中400-13号2、3层,113.4980089,23.45275596,113.5044875,23.4588961
伟伦国际幼儿园,沾益直街168号,113.3369387,23.15413851,113.3435013,23.15980164
全优加早教・托育（汇侨新城校区）,汇侨路41-47号弘达教育城二层211铺,113.2649819,23.20469631,113.2714468,23.21093924
全优加早教・托育（一品湖山校区）,同和街御岭街37号首层,113.3381276,23.21698948,113.3447,23.22265172
全优加早教・托育（黄埔旗舰校）,丰乐南路402号平安银行丰乐路支行二楼（黄埔花园）,113.464452,23.10496099,113.4710144,23.11062878
全优加早教・托育（锦绣御景国际校区）,荔星大道147号（锦绣御景国际二期）,113.8124605,23.29850921,113.8190411,23.30419734
亲立方国际托育・早教（白云旗舰店）,黄边北路531号二楼201房（2号线黄边地铁站B出口200米处）,113.2972483,23.22803971,113.3036971,23.23424851
班尼特国际早教・托育（公园前校区）,解放中路470号（回民小学北校区旁）,113.269337,23.13061,113.2757586,23.13689421
FAMIC放我家托育・早教（金域蓝湾园店）,环洲二路倚水一巷3号金域蓝湾,113.218547,23.16253601,113.2251189,23.16819787
全优加早教・托育（白云区高尔夫校区）,翰云路287号二楼B区（方圆实验小学对面）,113.2778062,23.20414236,113.2842515,23.21048292
FAMIC放我家托育・早教（金域蓝湾园店）,环洲二路倚水一巷3号金域蓝湾,113.218547,23.16253601,113.2251189,23.16819787
全优加早教・托育（白云区高尔夫校区）,翰云路287号二楼B区（方圆实验小学对面）,113.2778062,23.20414236,113.2842515,23.21048292
自然树儿童之家（祈福园区）,钟村街白云路11号长华创意谷2栋10号,113.327813,22.9735553,113.3343749,22.97928353
糖弥儿国际托育中心,东风东路860号锦城教育城二楼204号（浦发银行二楼）,113.3228197,23.13297176,113.3293435,23.13875636
FAMIC放我家社区托育早教（富力东山园）,新天地街1号、3号、216房,113.3185757,23.132391,113.3250864,23.13823947
全优加早教・托育（洛溪校）,洛浦街96号恒天商务大厦3楼（洛溪大桥）,113.3165099,23.04383634,113.323037,23.04972349
全优加早教・托育（金升校区）,逢源街道逢源路128-1号2层,113.2459081,23.12637989,113.2524037,23.13230373
集德爱米国际托育园,邮电新村中三街9号,113.2959702,23.1413824,113.3024074,23.14760692
英翰托育早教中心（桥南校区）,桥南街福德路790-804号,113.3687918,22.92816373,113.3753042,22.93414387
未来童学・托育中心,瑞兴街41号时代花生二期时代物业旁（梅花园地铁站D出口300米）,113.3272677,23.17185445,113.3338337,23.17758959
全优加早教・托育（华南碧桂园校区）,南村镇番禺大道北华南碧桂园碧华坊碧华商业2街1-8号之二楼A区商铺,113.3576088,23.00031322,113.3641334,23.00610426
飞屋牧童托育园（黄埔佳纷天地店）,"凯盛大街1号佳纷天地广场L201,L202铺",113.555332,23.10970699,113.5618416,23.11561118
乐鲸灵婴幼儿托育・早教中心（广州番禺雅居乐花园校区）,南村镇观景路194号景业大厦二层（招商银行旁）,113.3680254,23.01605717,113.3745139,23.02201829
蒂芭卜托育中心（东荟城店）,瑞和路万科东荟城北门二街76号,113.5070614,23.16908796,113.5135162,23.17535511
全优加早教・托育（珠江新城旗舰中心）,华就路寺右公馆西座2楼（近地铁5号线珠江新城B出口）,113.3234638,23.122201,113.3299908,23.12797703
汉美克医育教三语托育园（黄花岗园区）,科苑东路117-118（地铁黄花岗B出口100m）,113.3045281,23.14655295,113.3109958,23.15264642
爱悦堡托育早教中心,东环街道东艺路金园广场,113.3500049,22.98201246,113.3565625,22.98771759
YOUBETTER优贝乐托育・早教（海珠千禧校区）,新港西路1号银华大厦首层,113.2902826,23.10233255,113.2967207,23.10862386
欢乐多蒙台梭利早教托育（赤岗校区）,江海街道新港中路468号大院77栋78栋首层（地铁8号线赤岗站C1出口200m）,113.3414093,23.10112514,113.3479772,23.10678581
童学园国际婴幼中心,广州市天河区员村南街26号乐湾创意园3楼,113.361828,23.11796398,113.368341,23.12381963
全优加早教・托育（港澳中心校）,东风东路699号一层,113.3004161,23.13739117,113.3068645,23.14355096
左近儿童托育园,中山八路新虹街38-48号1090-1096房,113.2411018,23.13311749,113.2476136,23.13896092
英翰国际儿童中心（荔园新天地园店）,沙湾街西环路1502号荔园新天地5栋,113.352171,22.92541247,113.3587318,22.93114027
全优加早教・托育（燕岗校区）,工业大道中路364号2楼,113.2791069,23.0806059,113.2855544,23.08694876
广州阅景托育园（二沙岛园）,晴波路与渔唱街交叉口东北60米,113.3147937,23.11327813,113.3212983,23.11919114
卡比园托育中心（天河北中心店）,天河北路561号JC金田广场三楼,113.3424992,23.14742972,113.349056,23.15309015
U萌国际婴童学苑（金沙洲校区）,彩滨北路江悦湾S1栋整层,113.2200074,23.17540311,113.2265911,23.18106635
YOUBETTER优贝乐托育・早教（大石校区）,广州番禺区建华路西街辛鸿大厦3楼,113.3220837,23.03164527,113.3286163,23.03744256
助宝优早教托育,南岸路荟文四街2号二楼（荔港南湾B栋二楼）,113.2357398,23.14131013,113.2422707,23.14707608
全优加早教・托育（天润校区）,天润路37号润华大厦2楼201室,113.3414632,23.149396,113.3480222,23.15505487
YOUBETTER优贝乐托育・早教（桥南校区）,德贤路617号-623号,113.3628129,22.92566344,113.3693439,22.93153962
全优加早教・托育（金沙洲校区）,彩滨中路倚水街2号101-104、106-110、201-203房（地铁沙贝站）,113.2140689,23.16054932,113.2206356,23.16622604
全优加早教・托育（金沙洲校区）,彩滨中路倚水街2号101-104、106-110、201-203房（地铁沙贝站）,113.2140689,23.16054932,113.2206356,23.16622604
YOUBETTER优贝乐托育・早教（从化校区）,沿江南路187号,113.5966835,23.54074691,113.6032462,23.54653167
BetterKids贝好儿童托育（凤凰城店）,新塘镇凤凰城广场步行南街2号,113.6266279,23.12560975,113.6330558,23.13186655
乐鲸灵婴幼儿托育・早教中心（珠江帝景校区）,艺洲路825号（农业银行旁）,113.3437469,23.10319882,113.3503116,23.10886464
金睿家国际托育早教中心（珠江新城店）,海业路3号,113.3475335,23.12920485,113.3540779,23.13488693
YOUBETTER优贝乐托育・早教（华景新城校区）,景邮路8号115房（华景新城）,113.3687581,23.14700139,113.3752503,23.15297677
乐鲸灵婴幼儿托育・早教中心（琶洲新村校区）,海珠区琶洲新村商业广场1栋A栋2楼,113.3892316,23.10657789,113.3956664,23.11286405
种子学园托育中心,兴泰路38号,113.3855576,22.93863567,113.3920238,22.9448864
博悦1-3岁婴幼儿托育中心,钟福广场南2号（弘雅幼儿园旁）,113.32935,22.97485878,113.3359136,22.98057135
贝贝家音乐托育中心,白云大道南1033号东方明珠花苑南门,113.4220811,23.67574651,113.4285712,23.68188749
笑笑日托萌学园 ・ 托育（海珠区滨江东店）,滨江东路893号丽景湾商铺三楼,113.3172516,23.10893858,113.3237684,23.11481078
全优加早教・托育（四季花园校区）,花地大道中246号（1号线地铁坑口A出口500米）,113.2423006,23.08210074,113.2488435,23.08797068
纽诺托育・早教（番禺广场园）,亚运大道178号,113.4013017,22.94171589,113.4077508,22.9480589
自然树儿童之家托育?早教（花都豪利花园校区）,新华镇新雅街道镜湖大道18号-7,113.2561493,23.38032004,113.2626103,23.38642409
爱婴乐园・早教・托育园,政通路25号自编8号,113.3922264,23.0109766,113.3986434,23.01728502
YOUBETTER优贝乐托育・早教（自在城校区）,南村镇番禺大道北644-650号（自在城市花园临街商铺）,113.356411,22.99419176,113.3629428,22.99996701
承希托育（黄埔佳兆业城市广场店）,佳兆业城市广场盛凯一街6-12号独栋（力宝格健身房旁边）,113.305634,23.22964347,113.3121087,23.23571856
森林宝宝国际日托早教中心（东景校区）,中山大道中128号东景花园C栋0201,113.4049922,23.13012345,113.4114056,23.13644811
U萌国际婴童学苑（杨箕店）,东泰路82号2楼A区,113.317019,23.13167797,113.3235244,23.13755185
方圆・培乐思托育中心（高尔夫园区）,黄石路118号高尔夫花园,113.276817,23.20819669,113.2832596,23.21453413
U萌国际婴童学苑（天河北校区）,天河北路421号首层自编120号（远晖商厦后门）,113.336654,23.14859451,113.3432113,23.15425745
蘑菇松鼠早教・托育中心（生态园校区）,钟村街道钟韵路锦绣生态园水云居5座会所一楼,113.3129755,22.97446466,113.3194918,22.98041305
新爱婴早教・托育・游泳（中海名都店）,滨江街道纺织路名都一街1号3号206房（中海名都中门旁）,113.2829802,23.11693528,113.2893965,23.1232679
全优加早教・托育（华景新城校）,华景北路187、189号二层201铺自编03商铺,113.3733871,23.1402581,113.379858,23.14631467
圣莎国际公学・托育（滨江中大元帅店）,滨江中路东沙街36号丽海雅居2层（华润万家隔壁）,113.2883908,23.11520309,113.294814,23.12150782
FAMIC放我家托育・早教（东方文德园）,文德路东方文德广场,113.2786094,23.12970835,113.2850206,23.13604329
七田阳光早教中心,城景大街1号201房,113.2714313,23.13533631,113.27785,23.14163864
AD KIDS CLUB恐龙园早教托育中心,亚运城天峰一区6栋110商铺,113.479143,22.95150614,113.4856996,22.95732682
七田阳光早教 托育（汇侨中心）,新市街汇侨新城南八区汇桥中路1号208,113.263811,23.20454801,113.2702791,23.21077577
小马快跑（天河环贸天地早教中心）,林和街道天河北路ICC环贸天地L3-306铺,113.3328489,23.14750557,113.3394016,23.15318669
乐育邦早教托育中心,广卫路金科大厦407（公园前地铁站出入口步行280米）,113.2729167,23.13335137,113.2793327,23.13966414
FAMIC国际早教托育中心・小鲸堡园,黄花岗淘金东路138号御龙庭A栋（网球场旁）,113.3018681,23.14879438,113.3083286,23.15493256
全优加早教・托育（金海岸校）,大龙街金海岸花园售楼中心旁（海岸公园）,113.4129743,22.93326525,113.4194333,22.93953249
加蒙特幼儿园,汽车城大道330号,113.5995211,23.14333527,113.6060423,23.14915447
全优加早教・托育（华发四季校）,观云街1号103铺（岭南新世界五号门50米）,113.2541885,23.1159669,113.2606588,23.12203785
方圆・培乐思托育中心（大新路园区）,大新路280号大新大厦3楼,113.2636799,23.12213444,113.2701164,23.12835388
COMBABY新爱婴早教・托育（黄埔知识城绿地店）,凤湖二路商业街S2栋2楼整层（中新绿地缤纷城外围靠河）,113.555814,23.33018284,113.5623446,23.33608271
新爱婴国际早教中心（亚运城店）,石楼镇兴亚三路32-46号亚运城国际商业街B区三层,113.4926683,22.95095013,113.4991783,22.9570015
蔚莳托育中心,大林边一路73、75、785号广园东东方名都沿街商铺,113.5990134,23.13148356,113.6055316,23.13729417
童景托育（珠光御景壹号园区）,珠光・御景壹号华誉三街2号（拾翠洲幼儿园斜对面）,113.2975647,23.22940221,113.3040132,23.23560631
飞屋牧童托育园（海珠滨江店）,滨江东路912号柏丽广场2层,113.3190921,23.10896634,113.325615,23.11480873
全优加早教・托育（广百新一城校区）,宝业路8号三楼L3-02号铺（广百商场左侧三层）,113.2727193,23.09986395,113.2791551,23.10617941
无艺三语日托早教Arti School（高尔夫园区）,黄石路天云街35号高尔夫花园东区方圆东方学馆一楼,113.2766488,23.208249,113.2830915,23.21458593
汉美贝儿医育教三语托育园,龙福路2号,113.2655949,23.10935682,113.2720351,23.11560257
昂谷资优蒙氏国际托育早教,集俊街74号（岭南新世界优悦园K3栋2楼201号）,113.2998186,23.23777352,113.3062675,23.24394303
蒙・森谷国际托育中心,藤业一路58号（金沙小学南校区正对面）,113.2087777,23.15340142,113.2153289,23.1591174
森侨国际托育中心,尖彭路408号,113.2902353,23.23169305,113.2966641,23.23798296
小宇宙婴幼儿成长中心,开拓路锦绣香江花园布查特国际公寓1层102,113.2507999,23.07845339,113.2573147,23.08447123
Kids 'R' Kids南沙凯斯园,天翰街7号-101房,113.5851181,22.80519582,113.5916893,22.81086828
方圆・培乐思托育中心（竹丝岗园区）,竹丝岗四马路2号,113.3004272,23.13260387,113.3068744,23.13876323
小象祥枫保育园,科翔路128号173-174室（地铁6号线金峰地铁站B出口，金峰城一楼）,113.4594159,23.18429667,113.4660041,23.18996027
飞屋牧童托育园（番禺沙湾怡景苑店）,沙湾街中良路14号怡景苑,113.3617258,22.9160494,113.3682506,22.92190581
全优加早教・托育（凤凰城校）,济广高速凤凰城星荟商业街1-2号首层（五号转盘旁）,113.5902872,23.16474652,113.5968517,23.17045499
威斯康国际托育中心,陶育路82号暨南商务中心首层,113.3513147,23.13472856,113.3578533,23.14044258
班尼特国际早教・托育（嘉骏苑校区）,白云路89号201,113.3737776,22.95975097,113.3802812,22.96582127
森林宝宝国际日托早教中心（龙口西校区）,石牌街道龙口西路71号贤人阁1楼103室,113.3418989,23.14221925,113.3484523,23.1478777
范莎教育?英语阅读?托管（珠江新城店）,珠江新城华强路3号富力盈力南塔401,113.3236658,23.13237862,113.3301919,23.13815163
爱乐祺国际托育早教中心,黄埔东路澳葡街115号201,113.5368102,23.09331158,113.5432728,23.09952992
自然树儿童之家（白云玫瑰园校区）,白云区黄边北路时代玫瑰园一期大门直对会所二楼,113.2932462,23.23100272,113.2996819,23.23726189
全优贝贝早教托育（沁音校区）,淘金北71号恒华阁首层（城启恒华阁1楼）,113.2932034,23.14926433,113.2996394,23.15552404
FAMIC放我家托育・早教（凯粤湾店）,石围塘街道逸彩路29号凯粤湾C6栋105房,113.2206614,23.12167171,113.2272129,23.12732863
EZ BABY易婴国际儿童之家・托育・早教,京溪路219号3楼,113.3370588,23.18722005,113.3436469,23.19288803
童心教育早教・托育（东湖洲中心）,傍雁路东湖洲花园3区1号楼首层,113.423746,22.93228098,113.4302356,22.9383928
牛油果童园早教・托育・体能游泳中心,兴泰东路98号金海岸花园,113.4146088,22.93699377,113.4210743,22.94324232
巧思国际幼儿保育中心,荔湾区荔湾路97号动感小西关8号楼201室,113.2502149,23.13488816,113.2566952,23.14088811
乐鲸灵婴幼儿托育早教中心（罗马家园校区）,南洲路88号盛典东街2号罗马家园会所三楼,113.3260314,23.06434757,113.3326016,23.07009836
棒吉拉早教托育中心（天河中心）,桃园西路635号,113.4182569,23.12424285,113.4246981,23.13043531
七彩点点托育・早教中心（广钢店）,白鹤洞街道鹤洞路中海花湾B区锦御二街9号207-212号,113.245298,23.07440708,113.251834,23.08032817
山今萌托,石围塘街道龙湾路2号广发商业大厦首层110铺,113.2331687,23.10809496,113.2397142,23.11383122
蒙W儿童之家・蒙特梭利AMI（长隆店）,南村镇番禺大道北383号海印星h1栋103,113.3556809,23.00445486,113.3622092,23.01021931
金宝贝早教（天河北中心）,体育西路191号中石化大厦佳兆业广场二楼208,113.3273444,23.14600307,113.333886,23.15173236
时代美育中心・小树丛托育（广州玫瑰园校区）,汇贤街1-261号单85号商铺,113.2910262,23.22996237,113.297458,23.23624515
蒙奶奶国际儿童之家・AMI蒙氏托育早教,黄埔大道中海景花园A栋L层,113.3733308,23.12920552,113.3797992,23.13526054
澳学童心圆托育园（金峰园区）,开创大道3330号之102号,113.4536896,23.19210761,113.4602749,23.19778964
新爱婴早教托育（奥园广场店）,"福德路281号奥园广场乐活街3层（乐活街Halo Cafe旁,三号观光梯三楼）",113.3662153,22.92981439,113.3727385,22.93574938
全优加早教・托育（颐景华苑校）,南洲北路2号201商铺（东晓南地铁站A出口旁边）,113.297328,23.08013205,113.3038022,23.08634483
蒂芭卜托育中心（龙津园）,龙津东路欧家园39号龙锦大厦斜对面启乐名德隔壁,113.2564706,23.12926675,113.262928,23.13537568
自然树蒙特梭利婴童学院（锦尚蓬莱校区）,花都区荔枝基路锦尚蓬莱北门一楼商铺（紧邻马鞍山公园南侧）,113.2428422,23.39781313,113.2493657,23.4036883
乐鲸灵婴幼儿托育・早教中心（广雅灏湖校区）,国泰路雅居乐花园邻居36号自编1号,113.3743523,23.01545885,113.3808179,23.02153187
贝贝伴国际早教?托育中心,鹤洞路中海花湾壹号锦佳华庭C6栋2层204-212号,113.248197,23.07559412,113.2547223,23.08156592
金宝贝早教（天河奥体中心）,奥体南路12号,113.4233124,23.13770687,113.4297706,23.14381993
FAMIC放我家托育・早教（绿地城店）,龙湖街道凤湖中路绿地城凤语湾6栋206房,113.5540378,23.32620544,113.5605654,23.33213661
非凡保姆・婴幼学苑・早教・托育・亲子・托婴（翠城花园店）,翠城北街3号海悦广场D座3012铺（农商银行旁）,113.2767343,23.08995976,113.2831759,23.09629664
安安托儿所（西增路）,西增路裕农里52号,113.2460315,23.14972298,113.2525358,23.15565084
笑笑日托萌学园・托育（海珠区海印店）,天园路37号笑笑教育自由心岸校区,113.2911335,23.11152252,113.2975645,23.11780399
新爱婴早教中心（广钢校区）,锦御三街1号202、203,113.2714313,23.13533631,113.27785,23.14163864
贝德幼儿教育・托育・早教,天河北路626号301房自编之A08,113.3484383,23.14668853,113.3549885,23.15237857
全优加早教・托育（合生广场校）,叠景路223-227合生广场北区三楼304、308号（新蜃酆鲜谐。,113.3243935,23.09438725,113.3309465,23.10015576
翰贝诺国际幼儿学院・早教・托育,洛浦街洛溪新城北环路芳华会所1楼4-6号,113.3114003,23.04640915,113.3179118,23.05238557
汉美克医育教三语托育园（东晓园区）,东晓南路锦逸街2号101铺锦绣星城F2栋1楼（华润万家前行）,113.2970816,23.07957771,113.3035554,23.08579398
全优加早教・托育（金沙御苑校区）,中良路22号二楼（金沙御苑小区）,113.3608795,22.91692661,113.3674079,22.92276967
巧多狮IB托育（华景园店）,棠下街道景邮路12号理想地公寓108铺,113.3704286,23.14485596,113.376913,23.15086074
爱尔福蒙特梭利儿童之家托育（高雅湾园区）,滨江东路318号高雅湾门面2楼,113.3047929,23.10864998,113.3112656,23.11473976
优倍思托育早教中心,集益街集贤庄,113.3071954,23.23884494,113.3136689,23.24489133
全优加早教・托育（天河富力院士庭校）,东莞庄路30-34、38号三层301自编02,113.3432946,23.15778135,113.3498608,23.1634459
Little Light 立童园托育・早教,郭村路华发荔湾荟10栋108铺,113.2175622,23.11219701,113.2241193,23.11785774
中大育儿321教育机构（白云校区）,景泰街道飞翔公园a出口500m金钟横路333号2层,113.2748869,23.17362161,113.2813326,23.17995195
FAMIC放我家托育・早教（逸景翠园店）,逸景翠园西区华园居,113.3116956,23.08948611,113.3182119,23.09545806
粤麓书院?国学儿童发展中心,大石街南大路2号百世家居F2层,113.3428633,23.01640668,113.3494131,23.02206671
七彩点点托育・早教中心（金山谷园）,东艺路129号101,113.3510835,22.98340718,113.3576376,22.9891221
乐斯母婴关爱托育・早教中心（珠江新城雅居乐中心校区）,华夏路26号雅居乐中心二层202房,113.3284154,23.13015876,113.3349528,23.13587543
全优加早教・托育（隽悦园校）,天府路161号205单元,113.3682174,23.13695125,113.3747055,23.14291582
英莱恩国际早教中心,石楼镇乐羊羊路55号天oF2商铺5梯104-106号,113.497842,22.95259502,113.5043339,22.95873486
FAMIC放我家托育・早教（保利天悦托育园）,保利天悦,113.3867432,23.1083809,113.3931816,23.11464066
小院儿学园・0-3岁托育,富怡东路罗家村段鑫润花园九座101房,113.3927269,22.95287173,113.3991824,22.95919146
红黄蓝亲子园（白云店）,广州大道北怡新路139号301号铺,113.3316756,23.1820403,113.3382565,23.18773576
智托帮托育早教（桥南时代柏林校区）,桥南街德贤路633号,113.3629057,22.92539167,113.3694361,22.93126933
子悦童萌国际托育中心（珠江新城店）,花城大道20号202远洋大厦裙楼2楼（珠江新城地铁站出口）,113.3245321,23.12481733,113.331061,23.13057904
全优加早教・托育（喜盈雅境分校）,桥南街道福景路716号（工商银行旁）,113.3674152,22.92422202,113.3739288,22.930177
广州天河区龙口西小学托管班（龙口西分店）,龙口西路穗园东街龙口西小学西门旁A幢505室,113.3466795,23.14582055,113.3532315,23.15149839
七彩点点托育・早教中心（石溪园）,工业大道南726号鸣翠花园四期二楼（石溪地铁站B出口麦当劳楼上）,113.2927377,23.07331446,113.2992026,23.07958544
伦顿国际托育园,江怡路258号(博雅国际教育集团A区2楼)),113.2999173,23.10618283,113.3063762,23.11235278
贝安斯国际早教托育中心,中盛路13号（沥虻靥站F口步行430米),113.325396,23.0611019,113.3319634,23.06686013
纽诺托育・早教（天河北园店）,天润路御晖苑2楼,113.3407167,23.14972282,113.347276,23.15538098
水德之家婴幼儿社区托育中心,中山大道天朗明居西南门4号岗西侧商铺,113.3981823,23.13216485,113.4045938,23.13849953
澳学拔萃国际早教中心,开源大道中海誉城北苑478号二层（靠近中国银行）,113.531724,23.16945899,113.5381765,23.1757393
全优加早教・托育（光大花园校区）,榕景路61号榕景市场3楼全层（革新路公交站200米）,113.2632893,23.09234103,113.2697525,23.0985604
比泡乐儿日托中心（逸景店）,凤阳街道逸景南路378号二楼（逸景翠园中区南门口侧旁）,113.312967,23.08945403,113.319488,23.09540353
贝托芬托育,南村镇兴南大道421号202房,113.3682876,23.02165767,113.3747778,23.02762396
全优加早教・托育（嘉仕花园校区）,海珠区江怡路240号 二层自编202 房,113.3007858,23.10674242,113.3072469,23.11289874
蓝蝶国际托育滨江园,新港街道滨江东路562号蓝色康园正门,113.309544,23.10845112,113.316034,23.11445752
贝贝熊・晋级托管学堂（穗园校区）,龙口东路361号103室,113.3470843,23.15040676,113.3536396,23.15608791
七田贝比托育早教中心,黄边北路时代玫瑰园二期汇贤街35号,113.2905127,23.22926688,113.2969442,23.23555468
优贝乐托育早教（同创誉城店）,广州番禺区国泰路28号,113.384876,23.01488307,113.3913085,23.02111818
贝贝伴国际早教・托育（黄埔中心）,保利中誉广场副座3楼（大沙东地铁站A口步行180米),113.4644256,23.11286927,113.4709809,23.11853548
全优加早教・托育（剑桥郡校区）,南村镇雅居乐剑桥郡瀚澜一街48号,113.3929651,23.02584663,113.3993874,23.0321613
飞屋牧童托育园（翡翠绿洲森林半岛店）,翡翠绿洲・森林半岛6号,113.5670471,23.14171497,113.5735851,23.1474464
Care for kidz卡尔国际托育园,悦景路48号（KFC肯德基后门斜对面）,113.4369048,23.14789959,113.4434178,23.15377685
多米国际儿童教育,内环路荔港南湾会所2-3楼,113.2357398,23.14131013,113.2422707,23.14707608
爱尔贝国际托育・早教中心（骏景花园店）,绿茵街5号之三113铺,113.3964186,23.12924282,113.4028309,23.13557305
Kids Home2摩根之家托育园,广州市广州大道北怡新路15号怡新幼儿园旁,113.3282164,23.18240856,113.3347912,23.18813495
万锦国际儿童中心,天贵路108-151号,113.2297109,23.41142466,113.2362833,23.41713022
心子宝贝（叠彩园校区）,叠景路叠彩园会所,113.3174464,23.0920361,113.3239807,23.09790851
唐尼翰博保育园星汇园,汇岭街1号101越秀星汇金沙2期东北门旁,113.3180972,23.14205758,113.32461,23.1479145
自然树儿童之家（龙洞校区）,元岗街道龙洞保利林海山庄商铺自编1-4号自然树儿童之家,113.3655991,23.19578661,113.3721337,23.20171276
思脉特国际早教育托（同创汇校区）,宝岗大道183号103号铺,113.2689228,23.10783685,113.275357,23.11411949
无艺三语日托早教Arti School（光大校区）,沙渡路17号光大花园三期东门旁（GF名车俱乐部楼上）,113.2621046,23.08953357,113.2685738,23.09573688
美恩国际儿童教育（君汇天地店）,海珠区市二宫君汇天地二楼（上电梯左侧）,113.2775271,23.11075735,113.2839479,23.11709221
乐点熊早教托育中心,绿茵街9号东御苑102号,113.3949058,23.12865249,113.4013193,23.13497666
金睿家国际早教托育中心（雄峰城店）,105国道雄峰城B4馆3层3007号,113.2765506,23.22428945,113.2829777,23.23062286
思苏卡尔早教・托育（金山谷校区）,东艺路36号203房（金山谷领仕花园西门二楼）,113.3510419,22.97561324,113.3576041,22.98132936
蒂芭卜蒙台梭利早教日托中心（天河店）,天河棠下智汇ParkB栋二层,113.381391,23.14640998,113.3878392,23.15259842
JJB机智堡早托中心（金湖校区）,沙太北路金湖花园,113.3517403,23.21118082,113.3583059,23.21690481
凡恩格林森林幼儿园,迎龙路1233号,113.3685762,23.22294101,113.3750784,23.22891506
奥司日托,花地大道北壹号文化广场二楼2110,113.2407788,23.10123509,113.2473097,23.10707711
贝贝伴国际早教・托育（黄埔中心）,保利中誉广场副座3楼（大沙东地铁站A口步行180米),113.4644256,23.11286927,113.4709809,23.11853548
全优加早教・托育（剑桥郡校区）,南村镇雅居乐剑桥郡瀚澜一街48号,113.3929651,23.02584663,113.3993874,23.0321613
飞屋牧童托育园（翡翠绿洲森林半岛店）,翡翠绿洲・森林半岛6号,113.5670471,23.14171497,113.5735851,23.1474464
全优贝贝早教托育富力半岛校,富力半岛E2栋2楼,113.2358933,23.14745797,113.2424281,23.15322681
比尔盖托育,东]街道浣南东街11-1号（坑口地铁站C口步行210米）,113.2426653,23.08241076,113.2492068,23.08828666
飞屋牧童托育园（中海康城店）,中海康城凤信街5栋1层,113.4096954,23.14017926,113.4161178,23.14647313
FAMIC放我家托育・早教（东方熹园店）,东方新世界・熹园,113.3646864,23.1352131,113.3711866,23.14111584
艾思乐早教托育中心,同德围横蛐履弦宦5号2楼,113.2460858,23.17762662,113.2526156,23.18356068
FAMIC放我家托育・早教(剑桥郡园),雅居乐剑桥郡,113.3916013,23.03121981,113.39803,23.03752585
飞屋牧童托育园（黄埔万科金色梦想店）,云埔五路万科金色梦想G13栋金梅街1号103号,113.5381586,23.16885543,113.544627,23.17505513
昌华国际托育园,新都里2号首层,113.2553527,23.13359788,113.2618142,23.13968793
全优加早教・托育（新塘凤馨苑校区）,永宁街凤凰城凤馨苑一号门岗(进来右边50米处)综合楼,113.2293992,23.1050142,113.2359552,23.11071379
FAMIC放我家托育・早教（中海康城店）,中海康城梧桐街3号,113.4084571,23.1413854,113.4148781,23.1476895
乐之贝国际托育中心,棠景街汇景路93号,113.2606131,23.17617181,113.2670911,23.18235406
新爱婴早教（石井店）,石槎路金碧新城47栋58号（金碧小学对面）,113.2478636,23.21129931,113.25438,23.21726316
爱儿乐保育中心,工业大道中路373号之一,113.281171,23.07966568,113.2876191,23.08600838
星萌乐托育成长中心,汇彩路444号,113.4237536,23.11960522,113.4302145,23.12571112
RAE SNOW 瑞雪滑雪学校(广州融创雪世界店)（RAE SNOW广州融创雪世界店）,凤凰北路68号3楼瑞雪装备库,113.2416948,23.42990462,113.248244,23.43576556
希蒙国际托育中心,环市东路476号金东环大厦二楼,113.311285,23.14030304,113.3177729,23.14627676
全优加早教・托育（平沙富力城校）,均禾街平沙I墩路7号11201室,113.2686885,23.24769454,113.2751111,23.25397248
笑笑尚学设计实验保育园 ・ 托育（珠江新城店）,猎德大道46-1号,113.3409742,23.12898044,113.3475239,23.13463686
贝儿倍乐早教日托中心,龙怡路89号广业植英创业园后座三楼B307,113.3490516,23.15071413,113.3556042,23.15640969
熊托邦・布鲁姆国际早教托育中心,黄埔大道中148号海景中心首层,113.3733871,23.1402581,113.379858,23.14631467
立智树启蒙早教中心（云景花园店）,广州大道北云景花园云景路1号,113.3351766,23.19164994,113.3417635,23.19732471
唯斯顿蒙特梭利儿童之家雅园,番禺区雅居乐观景北街75号101号,113.3711325,23.0174068,113.3776102,23.02342327
星光童乐汇早教托管中心,瑞东花园A东京栋中美新地教育城二楼,113.4718682,23.11471183,113.4784109,23.12043228
贝贝伴国际早教・托育（黄埔中心）,保利中誉广场副座3楼（大沙东地铁站A口步行180米),113.4644256,23.11286927,113.4709809,23.11853548
全优加早教・托育（剑桥郡校区）,南村镇雅居乐剑桥郡瀚澜一街48号,113.3929651,23.02584663,113.3993874,23.0321613
飞屋牧童托育园（翡翠绿洲森林半岛店）,翡翠绿洲・森林半岛6号,113.5670471,23.14171497,113.5735851,23.1474464
全优贝贝早教托育富力半岛校,富力半岛E2栋2楼,113.2358933,23.14745797,113.2424281,23.15322681
比尔盖托育,东]街道浣南东街11-1号（坑口地铁站C口步行210米）,113.2426653,23.08241076,113.2492068,23.08828666
飞屋牧童托育园（中海康城店）,中海康城凤信街5栋1层,113.4096954,23.14017926,113.4161178,23.14647313
FAMIC放我家托育・早教（东方熹园店）,东方新世界・熹园,113.3646864,23.1352131,113.3711866,23.14111584
艾思乐早教托育中心,同德围横蛐履弦宦5号2楼,113.2460858,23.17762662,113.2526156,23.18356068
FAMIC放我家托育・早教(剑桥郡园),雅居乐剑桥郡,113.3916013,23.03121981,113.39803,23.03752585
飞屋牧童托育园（黄埔万科金色梦想店）,云埔五路万科金色梦想G13栋金梅街1号103号,113.5381586,23.16885543,113.544627,23.17505513
昌华国际托育园,新都里2号首层,113.2553527,23.13359788,113.2618142,23.13968793
全优加早教・托育（新塘凤馨苑校区）,永宁街凤凰城凤馨苑一号门岗(进来右边50米处)综合楼,113.2293992,23.1050142,113.2359552,23.11071379
FAMIC放我家托育・早教（中海康城店）,中海康城梧桐街3号,113.4084571,23.1413854,113.4148781,23.1476895
乐之贝国际托育中心,棠景街汇景路93号,113.2606131,23.17617181,113.2670911,23.18235406
FAMIC放我家托育・早教（万科尚城园）,丹水坑路万科尚城A6,113.537582,23.09934197,113.5440407,23.1055483
飞屋牧童托育园（旭景家园店）,车陂旭景家园旭景西街196号102房,113.4085095,23.13416418,113.4149278,23.14046728
飞屋牧童托育园（海珠万达店）,广州大道南万达广场三楼,113.3330227,23.20087589,113.3396042,23.20656171
飞屋牧童托育园（黄埔实地常春藤店）,黄埔开发区翠蔓大街2号,113.3542984,22.95048847,113.3608684,22.9562433
禾光美育家庭托育・早教（琶洲园）,杨青路5号,113.3923148,23.10136116,113.3987496,23.10767388
飞屋牧童托育园（黄埔万科山景城店）,长岭街道长岭路万科山景城东区M2栋,113.5327993,23.2170127,113.5392478,23.22328025
全优贝贝早教托育富力半岛校,富力半岛E2栋2楼,113.2358933,23.14745797,113.2424281,23.15322681
比尔盖托育,东]街道浣南东街11-1号（坑口地铁站C口步行210米）,113.2426653,23.08241076,113.2492068,23.08828666
飞屋牧童托育园（中海康城店）,中海康城凤信街5栋1层,113.4096954,23.14017926,113.4161178,23.14647313
FAMIC放我家托育・早教（东方熹园店）,东方新世界・熹园,113.3646864,23.1352131,113.3711866,23.14111584
艾思乐早教托育中心,同德围横蛐履弦宦5号2楼,113.2460858,23.17762662,113.2526156,23.18356068
FAMIC放我家托育・早教(剑桥郡园),雅居乐剑桥郡,113.3916013,23.03121981,113.39803,23.03752585
飞屋牧童托育园（黄埔万科金色梦想店）,云埔五路万科金色梦想G13栋金梅街1号103号,113.5381586,23.16885543,113.544627,23.17505513
昌华国际托育园,新都里2号首层,113.2553527,23.13359788,113.2618142,23.13968793
全优加早教・托育（新塘凤馨苑校区）,永宁街凤凰城凤馨苑一号门岗(进来右边50米处)综合楼,113.2293992,23.1050142,113.2359552,23.11071379
FAMIC放我家托育・早教（中海康城店）,中海康城梧桐街3号,113.4084571,23.1413854,113.4148781,23.1476895
乐之贝国际托育中心,棠景街汇景路93号,113.2606131,23.17617181,113.2670911,23.18235406
FAMIC放我家托育・早教（万科尚城园）,丹水坑路万科尚城A6,113.537582,23.09934197,113.5440407,23.1055483
飞屋牧童托育园（旭景家园店）,车陂旭景家园旭景西街196号102房,113.4085095,23.13416418,113.4149278,23.14046728
飞屋牧童托育园（海珠万达店）,广州大道南万达广场三楼,113.3330227,23.20087589,113.3396042,23.20656171
飞屋牧童托育园（黄埔实地常春藤店）,黄埔开发区翠蔓大街2号,113.3542984,22.95048847,113.3608684,22.9562433
禾光美育家庭托育・早教（琶洲园）,杨青路5号,113.3923148,23.10136116,113.3987496,23.10767388
飞屋牧童托育园（黄埔万科山景城店）,长岭街道长岭路万科山景城东区M2栋,113.5327993,23.2170127,113.5392478,23.22328025
一加贝贝托育园,平康路德胜广场教育城715号,113.3804353,22.94519199,113.3869185,22.95137257
森林托育园（缤纷汇店）,祈福缤纷世界,113.3393128,22.97471205,113.345887,22.98037333
飞屋牧童托育园（海珠逸景翠园店）,逸景翠园映月街,113.3151767,23.09010163,113.3217049,23.09601259
童乐轩托育成长中心,荔湾路小梅大街39号104铺（富力皇上皇小区内?近文昌托儿所）,113.2526747,23.13637649,113.2591465,23.14242014
亲呀呀精致智慧托育（岭南新世界园店）,集福街37号岭南新世界2D18栋201房,113.3005949,23.23844729,113.3070458,23.24460468
飞屋牧童托育园（凤凰城凤馨苑店）,新塘镇碧桂园凤凰城凤聚苑4街2座,113.584818,23.13245598,113.5913657,23.13812205
YouBetter优贝特托育早教云山中心,丛云路382-386号（仕馨月子会所负一层）,113.3021069,23.21541071,113.3085836,23.22154818
非凡保姆联合北院托育园（东圃校区）,车陂北街28号之一联合社区北院3栋109单元,113.4058215,23.13461714,113.4122363,23.1409378
FAMIC放我家托育早教（市桥锦绣华庭店）,光明北路12号,113.3680777,22.94665557,113.3746039,22.95262531
承希托育（兰亭盛荟校区）,环城高速兰亭盛荟・四季里商业街21栋一楼1036-1039号,113.8024151,23.20063551,113.8089738,23.20643227
稚慧宝贝国际托育早教中心,沾益直街168号,113.3369387,23.15413851,113.3435013,23.15980164
培才托育,会江村江丽二街4号,113.3017294,23.01651961,113.3081819,23.02265849
飞屋牧童托育园（凤凰城天麓山店）,永宁街道凤凰城大道碧桂园凤凰城凤锦苑二街2号101,113.5875262,23.15670495,113.594087,23.16238962
飞屋牧童托育园（华南碧桂园店）,映翠桃园苑华南碧桂园翡翠苑B区3座G02,113.3608007,23.00088366,113.3673153,23.00672258
创艺宝贝托育园（御金沙校区）,浔洲街72号1楼,113.2084922,23.17071636,113.2150599,23.17643868
飞屋牧童托育园（旭景家园店）,车陂旭景家园旭景西街196号102房,113.4085095,23.13416418,113.4149278,23.14046728
飞屋牧童托育园（海珠万达店）,广州大道南万达广场三楼,113.3330227,23.20087589,113.3396042,23.20656171
飞屋牧童托育园（黄埔实地常春藤店）,黄埔开发区翠蔓大街2号,113.3542984,22.95048847,113.3608684,22.9562433
禾光美育家庭托育・早教（琶洲园）,杨青路5号,113.3923148,23.10136116,113.3987496,23.10767388
飞屋牧童托育园（黄埔万科山景城店）,长岭街道长岭路万科山景城东区M2栋,113.5327993,23.2170127,113.5392478,23.22328025
一加贝贝托育园,平康路德胜广场教育城715号,113.3804353,22.94519199,113.3869185,22.95137257
森林托育园（缤纷汇店）,祈福缤纷世界,113.3393128,22.97471205,113.345887,22.98037333
飞屋牧童托育园（海珠逸景翠园店）,逸景翠园映月街,113.3151767,23.09010163,113.3217049,23.09601259
童乐轩托育成长中心,荔湾路小梅大街39号104铺（富力皇上皇小区内?近文昌托儿所）,113.2526747,23.13637649,113.2591465,23.14242014
亲呀呀精致智慧托育（岭南新世界园店）,集福街37号岭南新世界2D18栋201房,113.3005949,23.23844729,113.3070458,23.24460468
飞屋牧童托育园（凤凰城凤馨苑店）,新塘镇碧桂园凤凰城凤聚苑4街2座,113.584818,23.13245598,113.5913657,23.13812205
YouBetter优贝特托育早教云山中心,丛云路382-386号（仕馨月子会所负一层）,113.3021069,23.21541071,113.3085836,23.22154818
非凡保姆联合北院托育园（东圃校区）,车陂北街28号之一联合社区北院3栋109单元,113.4058215,23.13461714,113.4122363,23.1409378
FAMIC放我家托育早教（市桥锦绣华庭店）,光明北路12号,113.3680777,22.94665557,113.3746039,22.95262531
承希托育（兰亭盛荟校区）,环城高速兰亭盛荟・四季里商业街21栋一楼1036-1039号,113.8024151,23.20063551,113.8089738,23.20643227
稚慧宝贝国际托育早教中心,沾益直街168号,113.3369387,23.15413851,113.3435013,23.15980164
培才托育,会江村江丽二街4号,113.3017294,23.01651961,113.3081819,23.02265849
飞屋牧童托育园（凤凰城天麓山店）,永宁街道凤凰城大道碧桂园凤凰城凤锦苑二街2号101,113.5875262,23.15670495,113.594087,23.16238962
飞屋牧童托育园（华南碧桂园店）,映翠桃园苑华南碧桂园翡翠苑B区3座G02,113.3608007,23.00088366,113.3673153,23.00672258
创艺宝贝托育园（御金沙校区）,浔洲街72号1楼,113.2084922,23.17071636,113.2150599,23.17643868
森本兔婴幼儿托育,桥南街福景路1033号铺201室,113.3717161,22.92521925,113.3782152,22.93125084
爱而生托育学府,兴南大道187号富洲中心东塔首层,113.3607283,23.01883949,113.367243,23.02467724
思润托育,市桥街平康路灏景轩商住楼首层,113.3906049,22.94577282,113.3970633,22.95207652
聆稚国际托育早教中心,富华西路148号2楼（市桥地铁站B口步行420米),113.3664902,22.95298096,113.3730222,22.95892273
芮禾家早教托育园（珠江嘉园店）,来安四街珠江嘉园,113.563768,23.20348602,113.5703288,23.20926419
Famic・稚安心托育园（广钢新城园）,崇文四路葛洲坝广州紫郡府734-735铺,113.2506008,23.07088938,113.2571182,23.07690405
六一托育园,金达街36号万象文化商贸城2楼,113.2402583,23.0784702,113.2468098,23.08430794
爱尔福托育早教中心,春晖一街22号2层,113.5508204,23.11322392,113.5573109,23.11920675
心子幼儿学苑,沿江东路126号,113.3317267,23.0347951,113.3382841,23.04048544
小渔托育,黄河路建发广场南侧约40米,113.4927471,22.97050393,113.4992466,22.97655463
爱乐祺托育早教中心,太和镇米龙商业步行街2楼,113.3622194,23.29827048,113.3687631,23.30413902
非凡保姆保利花园托育园,镜湖东街2号保利花园保利和乐国际艺术中心二楼207铺,113.2801235,23.07794282,113.2865722,23.0842863
培才托育,会江村江丽二街4号,113.3017294,23.01651961,113.3081819,23.02265849
飞屋牧童托育园（凤凰城天麓山店）,永宁街道凤凰城大道碧桂园凤凰城凤锦苑二街2号101,113.5875262,23.15670495,113.594087,23.16238962
飞屋牧童托育园（华南碧桂园店）,映翠桃园苑华南碧桂园翡翠苑B区3座G02,113.3608007,23.00088366,113.3673153,23.00672258
创艺宝贝托育园（御金沙校区）,浔洲街72号1楼,113.2084922,23.17071636,113.2150599,23.17643868
森本兔婴幼儿托育,桥南街福景路1033号铺201室,113.3717161,22.92521925,113.3782152,22.93125084
爱而生托育学府,兴南大道187号富洲中心东塔首层,113.3607283,23.01883949,113.367243,23.02467724
思润托育,市桥街平康路灏景轩商住楼首层,113.3906049,22.94577282,113.3970633,22.95207652
聆稚国际托育早教中心,富华西路148号2楼（市桥地铁站B口步行420米),113.3664902,22.95298096,113.3730222,22.95892273
芮禾家早教托育园（珠江嘉园店）,来安四街珠江嘉园,113.563768,23.20348602,113.5703288,23.20926419
Famic・稚安心托育园（广钢新城园）,崇文四路葛洲坝广州紫郡府734-735铺,113.2506008,23.07088938,113.2571182,23.07690405
六一托育园,金达街36号万象文化商贸城2楼,113.2402583,23.0784702,113.2468098,23.08430794
爱尔福托育早教中心,春晖一街22号2层,113.5508204,23.11322392,113.5573109,23.11920675
心子幼儿学苑,沿江东路126号,113.3317267,23.0347951,113.3382841,23.04048544
小渔托育,黄河路建发广场南侧约40米,113.4927471,22.97050393,113.4992466,22.97655463
爱乐祺托育早教中心,太和镇米龙商业步行街2楼,113.3622194,23.29827048,113.3687631,23.30413902
非凡保姆保利花园托育园,镜湖东街2号保利花园保利和乐国际艺术中心二楼207铺,113.2801235,23.07794282,113.2865722,23.0842863
蒙正托育,南华东路924号1楼（近中海名都西门）,113.2816787,23.11580237,113.2880952,23.12213796
威威猫岭南新世界托育中心（威威猫儿童成长中心）,集雅街86号C8栋101室,113.2714313,23.13533631,113.27785,23.14163864
小豆苗双语早教托育中心,兴乐大街4号,113.2714313,23.13533631,113.27785,23.14163864
几米稚家,同和云裳丽影5B201房,113.3360895,23.19991792,113.3426746,23.2055885
飞屋牧童托育园（番禺东湖洲店）,东湖洲花园C期17座103室,113.422443,22.93766999,113.4289321,22.94380431
非凡保姆英豪花园托育园,盈丰路英豪三横街4号102、103房,113.3079994,23.07501178,113.3145111,23.08105118
幸福大本营,S378(九龙大道)福里街12号101号,113.5466778,23.34432695,113.5531613,23.350385
BCA乐娃国际智慧托育,凤湖四路万科・幸福誉南门东南侧约80米,113.5483676,23.33621811,113.5548655,23.34224798
圣德教育（石店）,龙基北路东七巷7号,113.2481592,23.16557575,113.2546715,23.17154421
智晟国际托育园,较场东路35号盈泽苑D栋2楼,113.2916124,23.13067456,113.2980359,23.13694952
银袋鼠托育中心,棠下街道信华一街209号,113.3933969,23.13925998,113.3998142,23.14557649
雅提特早教托育,淘金家园会所（游泳池一侧）,113.3012785,23.14966923,113.3077378,23.15581705
飞屋牧童双语托育（万科东荟花园店）,东荟一街29号A1栋302房,113.5078952,23.1674751,113.5143466,23.17375102
乐建托管中心,泮塘路种福园17号首层商铺,113.242978,23.12907083,113.2494833,23.13494472
鹿儿港婴幼儿托育园,增城大道2号1栋117室,113.8306422,23.27962166,113.837201,23.28533175
英才早教托育中心,洛浦街汇南广场东区B201号,113.298892,23.03714003,113.3053511,23.04332616
几米稚家,同和云裳丽影5B201房,113.3360895,23.19991792,113.3426746,23.2055885
飞屋牧童托育园（番禺东湖洲店）,东湖洲花园C期17座103室,113.422443,22.93766999,113.4289321,22.94380431
非凡保姆英豪花园托育园,盈丰路英豪三横街4号102、103房,113.3079994,23.07501178,113.3145111,23.08105118
幸福大本营,S378(九龙大道)福里街12号101号,113.5466778,23.34432695,113.5531613,23.350385
BCA乐娃国际智慧托育,凤湖四路万科・幸福誉南门东南侧约80米,113.5483676,23.33621811,113.5548655,23.34224798
圣德教育（石店）,龙基北路东七巷7号,113.2481592,23.16557575,113.2546715,23.17154421
智晟国际托育园,较场东路35号盈泽苑D栋2楼,113.2916124,23.13067456,113.2980359,23.13694952
银袋鼠托育中心,棠下街道信华一街209号,113.3933969,23.13925998,113.3998142,23.14557649
雅提特早教托育,淘金家园会所（游泳池一侧）,113.3012785,23.14966923,113.3077378,23.15581705
飞屋牧童双语托育（万科东荟花园店）,东荟一街29号A1栋302房,113.5078952,23.1674751,113.5143466,23.17375102
乐建托管中心,泮塘路种福园17号首层商铺,113.242978,23.12907083,113.2494833,23.13494472
鹿儿港婴幼儿托育园,增城大道2号1栋117室,113.8306422,23.27962166,113.837201,23.28533175
英才早教托育中心,洛浦街汇南广场东区B201号,113.298892,23.03714003,113.3053511,23.04332616
Peter家・托育中心（NO.GDGZ010店）,京溪路万科天河御品南区110铺,113.3364034,23.18694474,113.3429911,23.1926147
飞屋牧童托育园（金穗雅园店）,穗和北街6号204房,113.2714313,23.13533631,113.27785,23.14163864
优佳贝尔早教托育中心,保利海郡花园海郡二街二栋二号楼107-112号,113.3025731,23.05154366,113.309058,23.0576748
几米稚家,岑村华南御景园A17栋1层,113.3859975,23.17613061,113.3924605,23.18238636
喜宝幼儿托育中心（南华店）,华翠路19号南华时代城华润万家斜对面,113.2007714,23.37340672,113.2072896,23.37922121
金鹰宝贝国际托育中心,石化路219号文冲同创汇二楼,113.4761681,23.11201362,113.4827025,23.11778572
祝博士（亚运城校区）,兴亚三路147号3栋2梯109房,113.500116,22.95093099,113.5066008,22.95710699
全优加早教・托育（华南新城分校）,新城小区大平台二楼A208-A213层,113.3700178,23.11647643,113.3765028,23.12247371
十牛小镇（阳光城市广场店）,兴业路与荔湾路交叉口东南20米,113.4071467,22.80176914,113.4135848,22.80808618
希蒙国际托育（淘金中心）,华乐街道淘金东路25-29号淘金华庭二楼整层,113.297965,23.14755317,113.3044121,23.15375103
芮禾家早教托育园,布岭路万科里享家蔚来东门S13-210,113.5731368,23.20181508,113.5797179,23.20749939
学之社托管,长洲路257号,113.4274767,23.082637,113.4339831,23.08868498
童蕊托育中心,立新街江南美景二楼商贸中心201室,113.2994189,23.09739631,113.3058851,23.10357568
爱乐贝多元智能托育中心,・保利爱特城南1门东50米,113.5543864,23.14949245,113.560892,23.15541281
天树幼儿国际教育（东莞庄店）,瘦狗岭路413号颐和大厦A1栋411单元,113.3417206,23.15470164,113.3482844,23.1603619
明善托管中心,淘金街11-27号,113.2936437,23.14659739,113.3000785,23.15285159
学生之家托管中心,文元石榴巷与牛地街交叉口东北约100米,113.4762865,23.10571281,113.4828263,23.11148766
学诗教育,大广高速公路与金谷北路交叉口西北方向190米,113.3649139,23.46018239,113.3714322,23.46609285
小鲸妈妈托育中心,市桥街光明北路283号19-20铺,113.367783,22.95838828,113.3743087,22.96435248
祝博士（亚运城校区）,兴亚三路147号3栋2梯109房,113.500116,22.95093099,113.5066008,22.95710699
全优加早教・托育（华南新城分校）,新城小区大平台二楼A208-A213层,113.3700178,23.11647643,113.3765028,23.12247371
十牛小镇（阳光城市广场店）,兴业路与荔湾路交叉口东南20米,113.4071467,22.80176914,113.4135848,22.80808618
希蒙国际托育（淘金中心）,华乐街道淘金东路25-29号淘金华庭二楼整层,113.297965,23.14755317,113.3044121,23.15375103
芮禾家早教托育园,布岭路万科里享家蔚来东门S13-210,113.5731368,23.20181508,113.5797179,23.20749939
学之社托管,长洲路257号,113.4274767,23.082637,113.4339831,23.08868498
童蕊托育中心,立新街江南美景二楼商贸中心201室,113.2994189,23.09739631,113.3058851,23.10357568
爱乐贝多元智能托育中心,・保利爱特城南1门东50米,113.5543864,23.14949245,113.560892,23.15541281
天树幼儿国际教育（东莞庄店）,瘦狗岭路413号颐和大厦A1栋411单元,113.3417206,23.15470164,113.3482844,23.1603619
明善托管中心,淘金街11-27号,113.2936437,23.14659739,113.3000785,23.15285159
学生之家托管中心,文元石榴巷与牛地街交叉口东北约100米,113.4762865,23.10571281,113.4828263,23.11148766
学诗教育,大广高速公路与金谷北路交叉口西北方向190米,113.3649139,23.46018239,113.3714322,23.46609285
小鲸妈妈托育中心,市桥街光明北路283号19-20铺,113.367783,22.95838828,113.3743087,22.96435248
宝学士托育中心,观海路5号118-125房1层,113.2247099,23.04985826,113.2312867,23.05553083
悠悠家托育中心,广丰路1号（金洲地铁站出入口步行270米）,113.5504418,22.80340828,113.5569469,22.8094011
鲤鱼家庭式托育,保利紫云B1栋204室,113.2589437,23.19555517,113.2654311,23.20171237
午后时光托辅中心,蓬莱路与蓬莱正街交叉口西北80米,113.2435298,23.11986364,113.2500359,23.12574728
非凡保姆光大花园托育园,工业大道76-78号君誉富力现代广场a栋1004房,113.2624013,23.09759825,113.2688619,23.10380421
小鹿安迪托育早教中心,南沙街道听海街5街9号珠江湾（八匹马广场旁）,113.589741,22.74798673,113.5962926,22.75368774
博泓儿童中心,富力・金港城金熙三街8-5号南区,113.2975647,23.22940221,113.3040132,23.23560631
五六点智慧托管,藤业一路三街39号铺,113.2714313,23.13533631,113.27785,23.14163864
善学堂儿童成长中心,华景路126号福门阁二楼,113.3662177,23.14574587,113.372718,23.15167624
手握手学生托管服务部,握山北东街8-1号,113.3081356,23.23096794,113.3146181,23.23699889
飞屋牧童双语托育（天河美林湖畔店）,桃园南二街194号204房,113.4225055,23.11347545,113.4289663,23.11960299
祝博士托管,天香街4号,113.2770623,23.13946826,113.2834764,23.14580056
童未来成长中心,龟岗大马路6号粤港大厦三楼,113.3034856,23.33972992,113.3099624,23.34584368
朵拉早教托育中心,环城北路北约坊二巷四横1号101、102（近龙美村委会）,113.4202498,22.8161827,113.426731,22.82235192
全优・贝贝早教托育,创佳路3号梦多多小镇3层307室,113.2030924,23.15438606,113.2096307,23.1601699
春草托管所,马岗顶北街与泰沙路交叉口南100米,113.2921668,23.0914855,113.2986195,23.09776044
鲸喜哆哆托育中心,沙浦东路66号,113.4965148,22.97652999,113.5029953,22.98264461
同学嘉一站式托教中心,联和街道富春山居B31栋负一楼102室,113.4370684,23.19095334,113.4436131,23.19683425
米诺象婴幼儿托育中心,紫薇路38-8号,113.2146651,23.41093185,113.2212432,23.41660756
善学堂儿童成长中心,华景路126号福门阁二楼,113.3662177,23.14574587,113.372718,23.15167624
手握手学生托管服务部,握山北东街8-1号,113.3081356,23.23096794,113.3146181,23.23699889
飞屋牧童双语托育（天河美林湖畔店）,桃园南二街194号204房,113.4225055,23.11347545,113.4289663,23.11960299
祝博士托管,天香街4号,113.2770623,23.13946826,113.2834764,23.14580056
童未来成长中心,龟岗大马路6号粤港大厦三楼,113.3034856,23.33972992,113.3099624,23.34584368
朵拉早教托育中心,环城北路北约坊二巷四横1号101、102（近龙美村委会）,113.4202498,22.8161827,113.426731,22.82235192
全优・贝贝早教托育,创佳路3号梦多多小镇3层307室,113.2030924,23.15438606,113.2096307,23.1601699
春草托管所,马岗顶北街与泰沙路交叉口南100米,113.2921668,23.0914855,113.2986195,23.09776044
鲸喜哆哆托育中心,沙浦东路66号,113.4965148,22.97652999,113.5029953,22.98264461
同学嘉一站式托教中心,联和街道富春山居B31栋负一楼102室,113.4370684,23.19095334,113.4436131,23.19683425
米诺象婴幼儿托育中心,紫薇路38-8号,113.2146651,23.41093185,113.2212432,23.41660756
一心国际早教托育中心,大学城信息枢纽楼二楼（大学城南地铁站A口步行390米）,113.4035709,23.05118584,113.4100138,23.05752233
蓝蝶国际托育园,翠瑜街11号悠方天地东区F栋二楼211C,113.5261974,22.80504906,113.5326377,22.8113729
耀森小屋婴幼儿家庭式托育园,金穗路保利・心语E栋706房,113.3369879,23.12799204,113.3435369,23.13365227
小博士托管班（麒龙西路店）,麒龙路与丹桂路交叉口西南160米,113.5107915,22.83712251,113.5172491,22.8434279
童森双语托育乐园,东山街道寺右南三街三巷2号,113.3203765,23.12328732,113.326894,23.12910782
梦想家托管中心（市莲路店）,赤岗村青颍大街九巷2号,113.488757,22.97368848,113.4952678,22.97966762
广州极客思维教育科技有限公司（豪贤店）,豪贤路51号,113.2828892,23.13613107,113.289302,23.14246324
飞屋牧童双语托育（番禺金海岸店）,大龙街金海岸大道金海岸花园14座1梯101室,113.4108855,22.94088885,113.417345,22.94717882
彩虹托管辅导中心,万福路106号,113.2812546,23.12664768,113.2876661,23.13298286
宝宝托儿所（招村北街）,招村北街58号创意园南侧约90米,113.2512618,23.10001196,113.2577572,23.10603439
乐星托管中心,水荫四横路61号102室,113.3174084,23.15347419,113.3239281,23.15934426
步]托儿所,海龙街增虿]村481号,113.5166603,22.93370151,113.5231054,22.94003948
沛儿乐托育中心,站前路西村四约大街9号,113.252645,23.146723,113.2591229,23.15276734
心子宝贝（金玫瑰苑校区）,嘉瑞街金玫瑰苑,113.2991707,23.07251134,113.305653,23.07869786
翌曦多元智能托育中心,馥佳苑华晖街2号101商铺,113.3660084,23.14368848,113.372508,23.1496149
五六点智慧托管（晓港湾校区）,南洲路北文华街魅力港湾商业城208室,113.2987848,23.07662015,113.3052649,23.08281222
奇特小镇婴幼儿日托中心（大石旗舰店）,景华南路39号123铺,113.323726,23.02080543,113.3302549,23.02657823
全优加早教・托育（翡翠绿洲校区）,陈家林路翡翠绿洲商业中心3楼,113.5680654,23.13704979,113.5746034,23.14276974
非凡保姆-家庭托育-猎德晟府校区,海文路1号猎德晟府一区崇德楼301室,113.3428424,23.12096627,113.3493936,23.12662644
恬雅・育苗圃蒙台梭利国际托育早教中心, 丰乐南路90号101（金逸雅居-恬雅蒙台梭利托育中心）,113.462854,23.10149379,113.469421,23.10715688
唐尼翰博国际日托中心（广州保利园店）,保利花园静雅街44号首层,113.278687,23.07862904,113.2851355,23.08497166
步]托儿所,海龙街增虿]村481号,113.5166603,22.93370151,113.5231054,22.94003948
沛儿乐托育中心,站前路西村四约大街9号,113.252645,23.146723,113.2591229,23.15276734
心子宝贝（金玫瑰苑校区）,嘉瑞街金玫瑰苑,113.2991707,23.07251134,113.305653,23.07869786
翌曦多元智能托育中心,馥佳苑华晖街2号101商铺,113.3660084,23.14368848,113.372508,23.1496149
五六点智慧托管（晓港湾校区）,南洲路北文华街魅力港湾商业城208室,113.2987848,23.07662015,113.3052649,23.08281222
奇特小镇婴幼儿日托中心（大石旗舰店）,景华南路39号123铺,113.323726,23.02080543,113.3302549,23.02657823
全优加早教・托育（翡翠绿洲校区）,陈家林路翡翠绿洲商业中心3楼,113.5680654,23.13704979,113.5746034,23.14276974
非凡保姆-家庭托育-猎德晟府校区,海文路1号猎德晟府一区崇德楼301室,113.3428424,23.12096627,113.3493936,23.12662644
恬雅・育苗圃蒙台梭利国际托育早教中心, 丰乐南路90号101（金逸雅居-恬雅蒙台梭利托育中心）,113.462854,23.10149379,113.469421,23.10715688
唐尼翰博国际日托中心（广州保利园店）,保利花园静雅街44号首层,113.278687,23.07862904,113.2851355,23.08497166
爱尚育乐园,新都里25号,113.2420448,23.13062454,113.2485533,23.13648309
童心圆早教托育中心（钟福广场店）,钟福广场教育城3楼,113.3296067,22.97292552,113.3361727,22.97863608
爱亲宝托育园,龙洞东路221号,113.3766219,23.20756602,113.3831101,23.21368404
南沙红黄蓝成长中心,金沙路23号星河盛世商场首层内,113.5512567,22.81032092,113.5577712,22.81630055
乐轩私塾,漫林街98号,113.5366459,23.16413168,113.5431054,23.17035177
卡吉熊托育早教中心,宝岗大道1377号建恳商务中心2楼,113.27903,23.08994098,113.2854707,23.09628239
小太阳托管中心（港湾路西二街店）,港湾西二街3号（大沙地地铁站C口步行470米),113.453058,23.10683774,113.459616,23.11251822
唐尼翰博国际日托中心（越秀店）,小北路越秀公园东门东秀歌舞台旁,113.2767234,23.14415928,113.2831405,23.15049116
优仕学堂,蓬莱新街6号1层,113.2454114,23.11911631,113.2519114,23.1250321
树人托管教育连锁（全国第1136分点）,星盛西街5号101房,113.2714313,23.13533631,113.27785,23.14163864
行知托管,南村镇广州雅居乐花园邻居一栋,113.3743523,23.01545885,113.3808179,23.02153187
吉宏托管学堂,朱村大道保利中航城二期青星街72号商铺,113.6781084,23.27912122,113.6846362,23.28498056
金领航托管理中心,两龙大街28号菜鸟驿站2楼,113.2833708,23.45696642,113.2898046,23.46330163
龙博士双语托育中心,沿江南路161号,113.5975789,23.54167191,113.6041394,23.54746924
萌芽教育托管中心,同宝路星汇云城,113.343431,23.21429642,113.3500053,23.21996304
西村健苗托儿所,长宁街2号,113.2497913,23.14825581,113.2562807,23.15424979
稚趣慧儿儿童成长中心,云埔五路玉泉学校西北侧约80米,113.5346874,23.16540456,113.5411429,23.17165042
明利富教育,珠玑路147号,113.2503519,23.11857887,113.2568344,23.12458182
思润婴幼儿学苑(思润托育),星海园东南,113.2910829,23.1563318,113.297521,23.16261527
思苏卡尔早教・托育（旗舰校）,东艺路129号,113.3510835,22.98340718,113.3576376,22.9891221
五六点智慧托管,公园前路44号9-10号商铺,113.2156323,23.39090447,113.2221917,23.39657181
FAMIC萌宝堡家庭托育园(雅居乐滨江花园),雅居乐滨江花园,113.2895844,23.11367372,113.2960107,23.11996906
金领航托管理中心,两龙大街28号菜鸟驿站2楼,113.2833708,23.45696642,113.2898046,23.46330163
龙博士双语托育中心,沿江南路161号,113.5975789,23.54167191,113.6041394,23.54746924
萌芽教育托管中心,同宝路星汇云城,113.343431,23.21429642,113.3500053,23.21996304
西村健苗托儿所,长宁街2号,113.2497913,23.14825581,113.2562807,23.15424979
稚趣慧儿儿童成长中心,云埔五路玉泉学校西北侧约80米,113.5346874,23.16540456,113.5411429,23.17165042
明利富教育,珠玑路147号,113.2503519,23.11857887,113.2568344,23.12458182
思润婴幼儿学苑(思润托育),星海园东南,113.2910829,23.1563318,113.297521,23.16261527
思苏卡尔早教・托育（旗舰校）,东艺路129号,113.3510835,22.98340718,113.3576376,22.9891221
五六点智慧托管,公园前路44号9-10号商铺,113.2156323,23.39090447,113.2221917,23.39657181
FAMIC萌宝堡家庭托育园(雅居乐滨江花园),雅居乐滨江花园,113.2895844,23.11367372,113.2960107,23.11996906
知了托管,上]如意路18号,113.3175678,23.04234506,113.3240969,23.04821434
闪之星托育早教,朱村街东100米,113.2714313,23.13533631,113.27785,23.14163864
熊猫宝贝早教托育中心,莲港大道22号一街701,113.4931482,22.97326657,113.4996437,22.97932381
小天使托儿所（新风路）,新风路与新市南街交叉口东20米,113.612429,23.12413154,113.6189015,23.13017097
乐童托管班,江南西路紫山大街33号103铺,113.2743305,23.10130988,113.2807629,23.10763457
贝安斯国际婴幼早教托育中心,元亨路31号,113.6862492,23.27698706,113.6927986,23.28273002
MORGAN KIDS HOME2早教托育英语,梅苑小区西门南100米（梅花园地铁站B口步行140米）,113.3247234,23.18751629,113.3312913,23.19328337
比泡乐儿日托中心（南田店）,龙骧大街四间巷34号,113.2681112,23.1060841,113.2745488,23.11235892
么么亲托育成长早教中心,横蚨路与富康路交叉口西100米,113.2452515,23.18067684,113.2517859,23.18659678
小木客儿童之家,峻峦一街18号B13栋101房,113.2714313,23.13533631,113.27785,23.14163864
培杰教育,盈中路62号,113.307963,23.07425206,113.3144747,23.08029214
博尔斯托管,市桥光明南路67号,113.3697517,22.94249084,113.3762707,22.94849008
艾比家托育,富景苑8街17号,113.3601555,22.97529582,113.3666942,22.98112915
智趣谷国际托育早教中心,福翠路南国奥园悉尼商业街3座1-6,113.327042,22.99140602,113.3335847,22.9971391
翎羽托管中心,沙园三街南一号103室,113.2711254,23.09174273,113.2775717,23.09804818
大朗托育中心,大朗中路146号,113.2499305,23.24485725,113.2564119,23.25085214
爱尚园丁托管之家,盈翠路与东晓南路辅路交叉口东80米,113.2910315,23.09819279,113.2974753,23.10447791
小鲸妈妈托育中心（翠湖中心校区）,黄埔大道翠湖山庄,113.3595705,23.13290721,113.3660871,23.13872663
新加坡中英文双语爱童宝贝之家,天河北路中天购物城三楼,113.3312808,23.1481116,113.3378317,23.15380409
新爱婴早教托育,中新恒大山水城二期领峰南二街号,113.3353506,23.12781342,113.3418985,23.13347946
优质托管,望亭路15-37号,113.1900112,23.3755734,113.1964925,23.38156933
阳光托管,榄元新街18-1号,113.4015848,23.2011535,113.4080317,23.20749588
博尔斯托管,市桥光明南路67号,113.3697517,22.94249084,113.3762707,22.94849008
艾比家托育,富景苑8街17号,113.3601555,22.97529582,113.3666942,22.98112915
智趣谷国际托育早教中心,福翠路南国奥园悉尼商业街3座1-6,113.327042,22.99140602,113.3335847,22.9971391
翎羽托管中心,沙园三街南一号103室,113.2711254,23.09174273,113.2775717,23.09804818
大朗托育中心,大朗中路146号,113.2499305,23.24485725,113.2564119,23.25085214
爱尚园丁托管之家,盈翠路与东晓南路辅路交叉口东80米,113.2910315,23.09819279,113.2974753,23.10447791
小鲸妈妈托育中心（翠湖中心校区）,黄埔大道翠湖山庄,113.3595705,23.13290721,113.3660871,23.13872663
新加坡中英文双语爱童宝贝之家,天河北路中天购物城三楼,113.3312808,23.1481116,113.3378317,23.15380409
新爱婴早教托育,中新恒大山水城二期领峰南二街号,113.3353506,23.12781342,113.3418985,23.13347946
优质托管,望亭路15-37号,113.1900112,23.3755734,113.1964925,23.38156933
阳光托管,榄元新街18-1号,113.4015848,23.2011535,113.4080317,23.20749588
幼而学教育,海润大街30号,113.5414393,22.78339787,113.5478947,22.78954249
童颜心童颜托育早教中心,大沙北路123号政法楼2楼201室,113.4638994,23.11508742,113.4704534,23.12075127
学乐托管,教育东路7号附近,113.1600248,23.46834752,113.1664461,23.47468528
明特教育（广园校区）,广园中路208号210室、211室、212室、227室、228室,113.2779468,23.16443279,113.2843822,23.17077159
FAMIC放我家托育・早教(富力城园),丽城路富力城B6栋102室,113.2675839,23.2503763,113.2740088,23.25664276
搏思特托管,石决路45号,113.327897,23.20059637,113.3344698,23.20632581
雅萧托管中心,九石岭路与履泰西街交叉口北20米,113.2738345,23.19931823,113.2802858,23.20564404
阳光托管,荔香二街23号附近,113.4528759,23.1042754,113.4594361,23.10995756
盛禾学舍,基立下道45号107室,113.2828374,23.11035067,113.2892587,23.11668471
爱尔福婴幼中心（广州中航城）,青星街122号201-213,113.2714313,23.13533631,113.27785,23.14163864
Tiny Hands 泰尼汉托育,黄沙大道御景一号（素会旁边）,113.2409931,23.11659276,113.2475096,23.12243537
心子绿学园,南村镇江南村江南桃园路4号,113.3719349,22.99798844,113.3784121,23.00401963
龙博士双语托育中心,洛浦街如意路2号奥林匹克大厦首层113铺,113.314086,23.04930997,113.3206099,23.05523967
燕燕幼儿托管所,高第村4号,113.9329162,23.40296914,113.9394847,23.4086512
学无优托管中心,荔城大道241号,113.8137261,23.30159926,113.82031,23.3072797
星慧托育中心,星河大道西广州星河湾国际公寓首层大堂,113.341077,23.030539,113.3476366,23.03619762
阳光学园,中山七路锦龙北1号（陈家祠地铁站B口步行200米）,113.2556655,23.13147217,113.2621256,23.1375675
五六点智慧托管（NO.GD-广州-060店）,元塘路6号,113.3145566,23.02399252,113.3210583,23.02990922
思培托育（育英校区）,钟村街钟三村大地塘隆辉创业公馆A座105107号育英小学,113.33113,22.98003097,113.3376916,22.98572699
字游空间托管,下沙新村西大街七号,113.2327756,23.20637045,113.239343,23.21210659
学而乐托管中心,大同村乐宜路51号,113.4010311,22.89764388,113.4074445,22.90397994
燕燕幼儿托管所,高第村4号,113.9329162,23.40296914,113.9394847,23.4086512
学无优托管中心,荔城大道241号,113.8137261,23.30159926,113.82031,23.3072797
星慧托育中心,星河大道西广州星河湾国际公寓首层大堂,113.341077,23.030539,113.3476366,23.03619762
阳光学园,中山七路锦龙北1号（陈家祠地铁站B口步行200米）,113.2556655,23.13147217,113.2621256,23.1375675
五六点智慧托管（NO.GD-广州-060店）,元塘路6号,113.3145566,23.02399252,113.3210583,23.02990922
思培托育（育英校区）,钟村街钟三村大地塘隆辉创业公馆A座105107号育英小学,113.33113,22.98003097,113.3376916,22.98572699
字游空间托管,下沙新村西大街七号,113.2327756,23.20637045,113.239343,23.21210659
学而乐托管中心,大同村乐宜路51号,113.4010311,22.89764388,113.4074445,22.90397994
芳草园托管教育中心,华景北路与景邮路交叉口西南40米,113.3723152,23.14687628,113.3787944,23.15291487
慧爱托育,石井街石安路181号,113.2343681,23.20939,113.2409292,23.2151441
五联小学-小太阳托管中心,学校南路15号,113.668473,23.33290704,113.6749746,23.33893574
优越教育,塘东路南安小学西侧约120米,113.5630337,23.11831687,113.5695614,23.12409874
羊城教育,景云路45号,113.2821421,23.17117228,113.2885839,23.1775122
新起步托管（榨粉街）,中山四路榨粉街88号605房,113.2801605,23.13522847,113.2865723,23.14156444
海洋之家,尚景路112号,113.6005387,23.53911936,113.6070887,23.54496077
明智教育,兴贤路大石小学北侧约30米,113.3162733,23.02416639,113.3227812,23.03005379
安心托管,新墩庄围路南安小学东侧约80米,113.5630337,23.11831687,113.5695614,23.12409874
乐涵教育亚运城校区,兴亚三路32亚运城国际区A区F2层,113.4904235,22.95039661,113.4969416,22.95640813
晨曦幼儿托管中心,沧头华东五巷2号,113.2714313,23.13533631,113.27785,23.14163864
红梅托管,新1栋302室（近农林下路小学）,113.3042203,23.13939382,113.3106823,23.1454916
启智托管班,潭洲潭山路14号,113.468533,23.00337431,113.4750768,23.00906358
知了托管,大石街岗东路4号2楼整层,113.3152664,23.02297914,113.32177,23.02888349
尚清教育,陶然庭苑南门旁,113.3677248,23.148169,113.3742216,23.15412626
益童教育,优山悦海美麓花园B7-110商铺,113.611521,22.76594036,113.6179964,22.77196364
几米稚家家庭式托育,祈福新B区16街86号,113.3497024,23.03739287,113.3562601,23.04309522
帕思教育,凤岗四巷77号e105号,113.5518237,22.79331262,113.5583235,22.79927879
奇乐青少年成长中心,鹤洞路广钢新城中海花湾壹号锦御二街B3-号122室,113.2453311,23.07451132,113.2518669,23.08043297
优学邦教育,背坪北五街柯木i大厦东侧约160米,113.3534253,22.90843979,113.3599665,22.91417809
烨子早教托管中心,茅岗坑田祠堂街2号,113.2714313,23.13533631,113.27785,23.14163864
米娜英语托育园,天润路467金碧翡翠华庭商务楼五楼502室,113.348626,23.14920003,113.355178,23.15489194
达慧童乐托育园,芳兴路84号旧龙华宾馆,113.2116186,23.11549908,113.2181671,23.12118872
益童教育,优山悦海美麓花园B7-110商铺,113.611521,22.76594036,113.6179964,22.77196364
几米稚家家庭式托育,祈福新B区16街86号,113.3497024,23.03739287,113.3562601,23.04309522
帕思教育,凤岗四巷77号e105号,113.5518237,22.79331262,113.5583235,22.79927879
奇乐青少年成长中心,鹤洞路广钢新城中海花湾壹号锦御二街B3-号122室,113.2453311,23.07451132,113.2518669,23.08043297
优学邦教育,背坪北五街柯木i大厦东侧约160米,113.3534253,22.90843979,113.3599665,22.91417809
烨子早教托管中心,茅岗坑田祠堂街2号,113.2714313,23.13533631,113.27785,23.14163864
米娜英语托育园,天润路467金碧翡翠华庭商务楼五楼502室,113.348626,23.14920003,113.355178,23.15489194
达慧童乐托育园,芳兴路84号旧龙华宾馆,113.2116186,23.11549908,113.2181671,23.12118872
骄子之家托管中心,烟墩新街21号,113.3052088,23.12778798,113.3116721,23.13386839
全优?贝贝托育中心（融创店）,广州融创雪域澜庭A2区（天贵路东),113.2333818,23.435787,113.2399543,23.4415312
阳光托管,大纲领幼儿园东南,113.365003,23.35780471,113.3715054,23.3637135
慧星国际儿童教育,保利・西海岸汇海花园8栋负1层02号,113.215519,23.17979419,113.2221035,23.1854673
科翰教育（荔园新天地店）,西环路1502号荔园新天地F2层,113.352171,22.92541247,113.3587318,22.93114027
儒德托管,银利街285号,113.326014,23.17515635,113.3325797,23.18090639
童学家托育中心,沙湾路与市良路交叉口南100米,113.3536993,22.90879833,113.3602403,22.91453987
励尚教育 大风车托管,石榴岗路信步中街43号,113.3408593,23.09414541,113.3474344,23.09980693
初心童心国际托育园,保利天悦28栋301室,113.3867432,23.1083809,113.3931816,23.11464066
吖哆哆国际婴幼儿托育中心新塘社区园,凤凰北横路230-232号,113.2714313,23.13533631,113.27785,23.14163864
安贝斯早教托育中心,凤凰北路25-4号,113.2389024,23.39821188,113.2454391,23.40402502
优学托,Y769（新庄小学西北侧),113.2392318,23.48287173,113.2457512,23.4886864
培英前程托管中心,工业大道广纸北一路东四街4号铺,113.1828929,23.37265734,113.189348,23.3787768
康悦托管培育中心,天贵路50号美华新村3号楼商铺（五洲幼儿园隔壁）,113.2307987,23.38955624,113.2373477,23.39526731
小状元托管,梅花街共和五巷30栋101室,113.2680337,23.16452524,113.274482,23.17080144
俊才托管铺导班,聚龙苑西门北90米,113.4409925,22.96024072,113.4475469,22.96605889
向日葵托管辅导,边岗西路9巷6号,113.2714313,23.13533631,113.27785,23.14163864
Sunny艺术托管中心,教育街大龙社区西侧,113.4454874,22.96392806,113.4520519,22.9696843
春苗托管,小北路丹桂里15号302室,113.276743,23.13872104,113.283157,23.14505235
优智托管中心,金信路77号,113.2800357,23.18252882,113.2864842,23.18887236
心乐梦教育,"朱村大街117号（近324国道,朱村牌坊北550米）",113.7003009,23.28296439,113.7068738,23.28862395
文冲托教,步东商业大厦（大沙东地铁站C口步行490米),113.4703123,23.11229382,113.47686,23.11799944
小黄帽托托屋,新雅街(合和新城)万和北路1-4号,113.2629457,23.37891407,113.2693842,23.38512354
天衡优才,康王中路600号城光荟广场南区一楼116号,113.2542181,23.13024359,113.2606833,23.13631402
文冲托教,步东商业大厦（大沙东地铁站C口步行490米),113.4703123,23.11229382,113.47686,23.11799944
小黄帽托托屋,新雅街(合和新城)万和北路1-4号,113.2629457,23.37891407,113.2693842,23.38512354
天衡优才,康王中路600号城光荟广场南区一楼116号,113.2542181,23.13024359,113.2606833,23.13631402
官湖幼儿托管中心,官湖村官湖路69-2号二楼,113.643479,23.14825424,113.6498994,23.15458722
学敏托辅中心,江平二路22号2楼,113.3506628,22.99654863,113.3572064,23.00225718
智诚保贝智慧托育,华南碧桂园锦翠苑A区二街26号,113.3602149,23.00105166,113.3667313,23.00688139
全优贝贝保利花城店,保利花城西一街33号,113.3564713,23.30208252,113.3630347,23.30786496
博雅托管中心,富怡路63号,113.4444294,22.96413645,113.4509911,22.96990602
同芯拖辅中心,海傍村民委员会,113.4743383,22.93478239,113.4809023,22.94053624
小鹿安迪托育早教中心,鹤洞路267号中海花湾壹号中海花湾天地购物中心F2层,113.2462414,23.07483557,113.2527739,23.080773
向阳托管中心,登云大路兴旺街7号111室,113.3529446,23.02114961,113.359482,23.02688139
博思特托管（一店）,宏明路99号101铺,113.5556156,23.12128287,113.5621181,23.12718055
小恐龙学堂,洛浦街珠江花园别墅区琴江街4号,113.3503779,23.03763698,113.3569347,23.04334541
培越托教中心,广州设计港彩虹座,113.2456728,23.13693829,113.2521701,23.14285823
华思教育（番禺校区）,兴亚三路与兴岭路交叉路口南侧（运动员村东南侧）,113.488733,22.95325302,113.4952569,22.95923435
天歆教育,新都里与泮塘路交叉口西120米,113.2578915,23.12427875,113.264345,23.13041136
领航托管辅导艺术培训中心,新村北街新塘小学南侧,113.4168684,23.16921163,113.4233333,23.17542943
佳一辅导,"朱村大街117号（近324国道,朱村牌坊北550米）",113.7003009,23.28296439,113.7068738,23.28862395
亲呀呀精致智慧托育（增城豪园校区）,石滩镇碧桂园豪园翠湖苑四街49号,113.7516631,23.21203757,113.758108,23.21834845
哈喽宝贝(豆豆乐)托育园,海伦堡大道2号海伦堡花园百仁教育城一楼,113.5628876,23.10687032,113.5694241,23.11265607
童景托育,南洲路珠江御景湾,113.3480455,23.05554512,113.3546229,23.06123771
sunny艺术托管中心,南城路343号喜迎雅静小区一层商铺,113.3681959,22.92331249,113.3747058,22.92928109
康源馆,太石村简太路233号20号,113.4115383,22.89045798,113.4179621,22.89673403
喜宝幼儿托育中心（龙珠校区）,龙珠路18号金色华庭首层东面商铺（金信广场入口进入20米）,113.2306768,23.40226429,113.2372387,23.40797679
手拉手学社,竹丝岗大马路11号,113.2999057,23.13420871,113.3063516,23.1403762
子安托育,光明南路1号青少年宫首层,113.368302,22.9447442,113.374827,22.95071782
爱迪儿托教中心,三角园路与里仁洞村占贤大道交叉口东南100米,113.3560152,22.99589492,113.3625468,23.00166463
阳光小屋托管,祥安大街与德胜路交叉口西南20米,113.380639,22.94087955,113.3871201,22.9470629
博艺托儿所,东平北路8号,113.3211347,23.25895968,113.3276556,23.26476893
马溪早教托管中心,花港大道与南岳大街交叉路口南侧,113.1540989,23.36314802,113.1605138,23.36946762
雍学托管辅导中心,夏街大道17号,113.8404551,23.29127981,113.8469995,23.29711838
乐鲸灵婴幼儿成长中心（剑桥郡校区）,雅居乐花园国泰路36号自编1（仁维天药房旁),113.385489,23.01014475,113.3919194,23.01638738
阳光小屋托管,祥安大街与德胜路交叉口西南20米,113.380639,22.94087955,113.3871201,22.9470629
博艺托儿所,东平北路8号,113.3211347,23.25895968,113.3276556,23.26476893
马溪早教托管中心,花港大道与南岳大街交叉路口南侧,113.1540989,23.36314802,113.1605138,23.36946762
雍学托管辅导中心,夏街大道17号,113.8404551,23.29127981,113.8469995,23.29711838
乐鲸灵婴幼儿成长中心（剑桥郡校区）,雅居乐花园国泰路36号自编1（仁维天药房旁),113.385489,23.01014475,113.3919194,23.01638738
卓知托管服务中心,荔景大道1-114号114号,113.8291201,23.2968038,113.8356972,23.3025036
Kids life孩宝培育托班,江宝路390号,113.2841311,23.09100795,113.2905724,23.0973417
萌乐园少儿托管中心（荷花路）,桂花路与荷花路交叉口西南50米,113.6205113,23.12106324,113.6269575,23.12723795
嘉嘉托管,员村三横路18号之一（员村地铁站C口步行470米）,113.3700459,23.12600101,113.3765266,23.13199792
欣悦优托,商南街与育才街交叉口西南60米,113.2181248,23.38129145,113.2246784,23.38695008
学业有成,迎宾大道辅路与大华三路交叉口东约60米,113.2521939,23.39405121,113.2586798,23.40008892
广礼学堂（北京路店）,同庆坊17号一楼,113.2761893,23.11546326,113.2826071,23.12179345
广州乐智之家托管中心,先烈中路105-1号（沙河顶地铁站B口步行320米）,113.3147745,23.1530168,113.3212847,23.15893127
海青成长中心,新港西路38号,113.2915008,23.09859461,113.2979452,23.10487499
苌菁藤艺术托管中心,建设横马路2号宸宇大厦602-606室,113.2549265,23.38968121,113.2613985,23.3957658
津德托管中心,龙溪中路保利九里公园杏霖街6号112室,113.2190373,23.08449021,113.2256207,23.09015389
金宝贝托管,花都雅居乐锦城花语集346号商铺,113.1948154,23.4218115,113.2013507,23.42773047
祝博士,凤湖四路万科幸福誉南门底商,113.5483676,23.33621811,113.5548655,23.34224798
新星,沐陂西街三号大院西南侧约40米,113.4011176,23.16093807,113.4075492,23.16727789
培蕾阳光教育中心,德政中路130德悦居二楼,113.2820669,23.12685856,113.2884786,23.13319247
永曜北托管,东濠涌高架路越秀南社区,113.2852449,23.12509094,113.2916592,23.13141419
优匠学堂,市桥镇丹桂园大街五巷11号（市桥北城小学旁）,113.3627682,22.95307396,113.369313,22.95895215
名扬托管,泥紫洪圣涌路五巷4号,113.6472088,23.12148783,113.6536266,23.12780117
一点通托管中心,镇龙村新围友新路7号,113.5830276,23.28592781,113.5896025,23.29159256
晟睿托管服务中心,南航大道北益群学校西侧约30米,113.1962486,23.47688838,113.2027561,23.48277611
晋级托管学堂,福今路51号,113.3090341,23.13714475,113.3155124,23.14315821
文慧教育,心谊路51号,113.2625838,23.17626408,113.2690559,23.18247513
桐文乐学,菁映路菁品园,113.4257482,23.11870043,113.4322166,23.12477224
森诺托育园,东乡二街183号,113.2876678,23.04769496,113.2941118,23.05400936
贝尔安亲,东风东路776号外贸大厦B座2楼,113.3098219,23.13745971,113.3163031,23.14345918
童旭托管服务部,白山西街4号（同和地铁站D口步行400米）,113.3314809,23.20630767,113.3380566,23.21200358
育才托管辅导中心,新安路与隔塘新村大街交叉口西南20米,113.5607748,23.19584961,113.5673307,23.20167126
贝尔安亲,东风东路776号外贸大厦B座2楼,113.3098219,23.13745971,113.3163031,23.14345918
好孩子托管中心,大华二路阳光家园A座,113.2063832,23.40122247,113.2129376,23.40696583
子悦童行托管・兴趣・辅导,团结路8-11号101室,113.2717353,23.39325543,113.2781648,23.39956253
育才托管辅导中心,新安路与隔塘新村大街交叉口西南20米,113.5607748,23.19584961,113.5673307,23.20167126
东泽托管培训中心,寺右中街13号101室,113.3154964,23.12488314,113.3219972,23.13078279
大拇指托管中心,大石岗东路19号的,113.3146779,23.02226719,113.321179,23.02818156
桐文乐学,菁映路菁品园,113.4257482,23.11870043,113.4322166,23.12477224
龙脉托幼生活,沙园大街与沙园二街交叉口西北80米,113.231211,23.47260882,113.2377576,23.4783235
疯狂龙博士托辅中心,校园路48号广州市康祥实业有限公司的,113.2331067,23.1539992,113.2396543,23.15973516
素质托管中心,晓园路11号,113.2874335,23.09457815,113.2938749,23.10089371
大笨象托管中心,官育路棠东毓南路5号,113.3938675,23.13253698,113.4002822,23.13885582
婴幼儿照护日托,骏新路172号,113.313235,22.97874668,113.3197479,22.98468963
童旭托管服务部,白山西街4号（同和地铁站D口步行400米）,113.3314809,23.20630767,113.3380566,23.21200358
扶幼堂,宝华路34-6号,113.22176,23.39335527,113.2283232,23.39901567
一德托管中心,康乐小区康乐园一街,113.366148,22.95180099,113.3726813,22.95773681
天天向上辅导托管中心,西约新村大街利源超市旁,113.4182205,23.16843227,113.4246887,23.17463078
乐臻托管,小洲村西成右五巷1号,113.3610625,23.06135021,113.3676113,23.06720039
南葵向暖托管中心,南城路343号103号铺,113.3676091,22.92213782,113.3741198,22.9280958
开心托管,荔城街道荔城大道137号,113.830103,23.2985512,113.8366795,23.30425969
康康托儿所（龙溪西路）,龙溪凤池村262号,113.199435,23.07502658,113.2059868,23.08086941
都挺好托育（哈街校区）,桥南街道南郊路162号,113.3716851,22.93379629,113.378192,22.93982888
小宝贝幼托,侧斌街与均一东街交叉口东约80米,113.1779264,23.46690711,113.1843778,23.4731063
星星少儿托管中心,团结路54号,113.2988879,23.14630663,113.3053368,23.15249079
正牌托管,清水濠9号2层（团一大广场地铁站A口步行450米),113.2845131,23.12493374,113.2909267,23.13126029
亲的时光托育院,朝阳西路77号,113.3133852,23.02965297,113.3198873,23.03559098
萌芽教育（左边小学店）,环村东路左边小学东南侧,113.3596117,22.97153293,113.3661558,22.97735864
酷爱学托管,富基路富基广场-一期（市二宫地铁站B口步行490米),113.275579,23.11239603,113.2819997,23.11872438
朗星托管,群英大街13号附近,113.2688007,23.16182356,113.2752447,23.16810698
亲子林教育,天府路口叠翠台D座首层,113.3684451,23.13896671,113.3749333,23.14493548
都挺好托育（市桥校区）,市桥街清河中路8号,113.3723613,22.93955433,113.3788695,22.94559967
东乡托幼中心,村四街十七巷一横巷23号之一,113.5919274,22.76816903,113.5984633,22.77388866
卓思托育&早教中心,团结村金龙路7号（即恒大一期旁）,113.4389101,22.96089427,113.4454576,22.96674454
卓思托育&早教中心,团结村金龙路7号（即恒大一期旁）,113.4389101,22.96089427,113.4454576,22.96674454
FAMIC放我家（万科尚城2店）,丹水坑路万科尚城A2栋204房,113.537582,23.09934197,113.5440407,23.1055483
启航,钟村街钟三村一条树路9号,113.3314193,22.98080853,113.3379806,22.98650211
佰分托育中心,翠园西八街4号103室,113.3523918,22.99117337,113.3589359,22.99690022
红太阳托管服务中心,文教西街27号,113.3932417,22.95139532,113.3996966,22.95771838
田野教育,岗东路2号2层,113.314063,23.02716498,113.3205654,23.03309072
好之星托管,钟落潭镇,113.4109782,23.39170781,113.417411,23.39799166
天才优儿（萝岗奥园广场店）,开创大道萝岗奥园广场F1层,113.5044347,23.17984901,113.5109039,23.18608601
育学教育,元塘路1号,113.3130767,23.02346741,113.3195729,23.02940985
星火教育,繁华路57-103号金口岸大厦3楼,113.3694383,22.94765247,113.3759598,22.95364641
同学家托管,雅居乐富春山居,113.4370684,23.19095334,113.4436131,23.19683425
阳光托管（信成南街）,信诚小区信诚街12号201房,113.3389179,23.14555529,113.3454738,23.15121308
小太阳托管辅导中心（北星路）,北星路北星小学-附属幼儿园南侧约50米,113.5931055,23.56250097,113.5996757,23.56824054
贝贝熊・晋级托管学堂（帝景校区）,龙口西路212号,113.3428444,23.14399877,113.3493985,23.14965953
宜庭托管,盈中路52号(南武小学旁),113.3075336,23.07381244,113.3140439,23.07986012
佳佳托管,大沙北路大沙东公租房,113.469356,23.115381,113.475903,23.12107775
精诚托管中心,芳村大道中344-360B2栋401室,113.2385281,23.10711619,113.2450601,23.11292273
易学堂教育,宏明路91号,113.5561552,23.12153785,113.5626595,23.12742635
佩奇小网红,环市大道西路大涌地铁站D出口旁,113.3186406,23.13996084,113.325154,23.14580876
奇特小镇婴幼儿日托中心（金山谷店）,东艺路14号之4号,113.3497657,22.97578626,113.3563301,22.98149058
金贝贝儿童看护点,龙洞东街110号,113.3735396,23.20499351,113.3800406,23.21105902
学优托管中心,福兴三街福涌小学北侧约50米,113.3400281,22.92602076,113.346603,22.93168197
学贤托管,银利街285号,113.326014,23.17515635,113.3325797,23.18090639
KPF剑桥成长中心,百顺北路云门云悦2楼北塔L2-6,113.30071,23.24137404,113.3071598,23.24752932
启博托管,福南坊新村12巷1号2楼,113.4739571,23.02590151,113.4804954,23.03164534
一百橙长,金峰城128号,113.4594159,23.18429667,113.4660041,23.18996027
一嘉,西城路144号,113.3597766,22.93699535,113.366327,22.94282496
悦乐成长园,兴华路91号,113.4255243,23.04241789,113.4320108,23.04849741
喜洋洋托管,五羊北小区（广州市越秀区)寺右新马路寺右北二街五巷1号地02室,113.319598,23.12747798,113.326112,23.13331027
广东省纺托儿所,工业大道北41-4号3号大院省纺宿舍内,113.2624898,23.10242072,113.2689452,23.10862692
益儿托管,旭景家园A区a9-102室,113.4085095,23.13416418,113.4149278,23.14046728
新爱婴国际日托中心（西i店）,花地大道中四季花园南门雨菊街15―17号四季中心三楼303号,113.2386349,23.07582079,113.2451924,23.08163416
益儿托管,旭景家园A区a9-102室,113.4085095,23.13416418,113.4149278,23.14046728
新爱婴国际日托中心（西i店）,花地大道中四季花园南门雨菊街15―17号四季中心三楼303号,113.2386349,23.07582079,113.2451924,23.08163416
博美少儿托管中心,如意路广州市番禺区洛浦中心小学东北侧约30米,113.3163488,23.04178053,113.3228732,23.04766997
安心托管,五羊北小区（7号门),113.3200723,23.12773422,113.3265877,23.13355916
翱飞教育,大涌口大路兴贤小学西南侧约180米,113.3589737,22.90547931,113.3654977,22.91129097
五六点智慧托管（亚运城校区）,亚运大道1290号9栋103铺,113.4829224,22.95144291,113.4894669,22.95732356
龙胜教育托管中心,田心校前街联和小学东侧约50米,113.6047559,23.16942253,113.611284,23.17533201
优越托管辅导中心,龙井路9号,113.6036613,23.54980993,113.6102039,23.55570295
小布丁托管辅导中心,荔城大道洋溪村洋溪路东五巷4号,113.8133302,23.30311592,113.8199142,23.30879884
有家学堂学习共享空间（盈溪路店）,盈溪路149号3楼413-415室,113.4265955,23.11917547,113.4330666,23.12523244
明爱托管辅导中心,锦绣花园北区一座4号铺,113.3160376,22.97762507,113.3225615,22.98351988
赤岗托儿所,赤岗东约539号（宝佳商场对面),113.3143737,23.10489783,113.3208844,23.11081965
彩虹屋幼儿班,新村北街茶园岗综合市场东南侧,113.349537,22.97077304,113.3561066,22.97647636
蓝精灵托管中心,夏园小学西南门西北50米,113.5237893,23.08743625,113.5302333,23.09377257
同步堂托管中心,谢村环村南路64号附近,113.3180879,22.99154167,113.3246051,22.99739971
智多星托管,G9411广隆苑底商,113.5490555,22.78621168,113.5555392,22.79222592
升启教育,小洲村艺术大楼北楼4楼,113.3623106,23.06595288,113.3688569,23.07182352
才智社辅导托管中心,茅岗路茅岗小学南侧约70米,113.4439897,23.11808081,113.4505202,23.12384997
君轩托教中心,光明南路97号,113.3693555,22.9433044,113.3758763,22.94929665
韵乐生活馆（先锋店）,光明南路111号,113.3692048,22.94357389,113.3757262,22.94956347
方源教育,紫山大街32号江南新村第二小学东北门对面,113.2738847,23.10067347,113.2803182,23.10699588
书童之家,荷光路38号棠新住宅小区3栋1楼,113.380503,23.13826202,113.3869489,23.14443616
早教托管,大石江丽九街,113.2714313,23.13533631,113.27785,23.14163864
小东家托管综合服务中心,郭地大街一巷松苑,113.3871812,22.95060003,113.3936469,22.95687037
乐懿教育托管班,石榴岗路信步闲庭信步中街35号之二,113.3408997,23.09424688,113.3474748,23.09990842
祝博士,藤业一路富力・金街,113.208808,23.15475921,113.2153605,23.16047516
阳阳教育托管中心,塘园中路60号,113.8399966,23.30592764,113.8465507,23.31176075
兴安托管所,新村西路1号楼,113.5918476,23.55658613,113.5984235,23.56231267
小叮当托管中心,康乐小区康乐园一街二座,113.366893,22.95252047,113.3734236,22.95846932
爱尚教育招生办,东晓南路1433号（南洲地铁站D口步行300米),113.3085409,23.07085131,113.3150552,23.07688124
极客托管,新时代大厦,113.289472,23.13875951,113.2958934,23.14505484
童星俊华幼儿教育（海珠五凤园区）,东晓南路630号二楼,113.2960654,23.08633342,113.3025321,23.09256261
一心教育,解放北路金桂园C6-104A,113.270123,23.15771631,113.2765602,23.1640112
智慧树托管中心,五羊新城E18栋地03（五羊地铁站A口步行470米）,113.3196778,23.12209265,113.3261935,23.127924
豌豆园托管,西华路大兴街16号106室,113.2591757,23.13747205,113.2656255,23.14362538
哆来咪课后托管,增南路与海南南边街交叉口东180米,113.2216236,23.07249854,113.228212,23.07816406
小时光托管辅导,章陂村可园新街六巷14号,113.6200811,23.1639354,113.6265501,23.1701079
小状元托管辅导中心,万安村北斗小学对面,113.3529749,22.8815363,113.3595106,22.88726816
朝阳托教中心,犀牛路犀牛尾村69号永建大厦一楼（区庄地铁站B2口旁）,113.3034639,23.13861195,113.309923,23.14472242
小太阳托管中心,大罗村中约前街4号大罗小学正对面,113.3565039,22.9662719,113.3630616,22.97205371
龙博士小禾苗双语日托,石壁街屏山东路56号之101-201室,113.2965491,22.96904269,113.3030152,22.97526492
文慧辅导班（海北店）,东联路13号,113.204397,23.081335,113.2109606,23.08710587
康恩托管教育中心,光孝路与中山六路交叉口东北100米,113.2632881,23.13134994,113.2697241,23.13756375
斯宇托管,丹桂园大街与丹桂园大街一巷交叉口西北60米,113.3638513,22.9528716,113.3703925,22.95876791
宇曦托管,农林下路78号之二110房（区庄地铁站C口旁),113.302061,23.14185213,113.308517,23.14798613
蓝房子托管,光明南路51-53号,113.3698676,22.9420685,113.376386,22.94806977
七彩缤纷托幼中心,石塘石一街18号,113.2714313,23.13533631,113.27785,23.14163864
小状元,富豪山庄小学北门西南110米,113.3539677,22.97977919,113.3605193,22.98552614
宝贝加油站（有家托管中心）,下塘西路48-52号附近,113.2824875,23.1503997,113.2889092,23.15673473
心智成长托管,友爱路9号之102室,113.2973607,23.14676662,113.3038055,23.15297294
乐苑教育,赤岗恒信路149号,113.3387451,23.10005277,113.3453142,23.10571347
天衡幼儿学苑,龙口西路212号2楼君易艺术中心,113.3427952,23.143952,113.3493493,23.14961263
小太阳,兴泰大街与兴泰路交叉口西南160米,113.3857499,22.93737983,113.3922148,22.94363274
正耕学星,陶庄路3号之5首层（天平架地铁站B口步行390米）,113.3277761,23.16777201,113.3343396,23.1735009
倍优加托管中心,荔城街庆丰村洋溪村路7号,113.8133302,23.30311592,113.8199142,23.30879884
厦蛲杏,沙蛑新1巷11号3层,113.3243931,23.04681595,113.3309473,23.0525847
乐学托管中心,笔村中南坊街41号(东区小学正对面),113.5274875,23.12123415,113.5339058,23.12754532
小叮当托管中心,经述路京兆小学东南门东侧约40米,113.343518,22.91205648,113.3500777,22.9177206
几何马奇教育马奇熊智慧托管,天河北路侨林街51号侨林苑1期A栋首层,113.3360797,23.14977405,113.3426377,23.15543914
梦想之家,福和小学路口,113.6387223,23.36257828,113.6451343,23.36891471
天旭小可爱保育园,汇侨新城汇侨路14号首层101室,113.263811,23.20454801,113.2702791,23.21077577
山今早托萌学园,石围塘街道龙湾路2号首层110铺,113.2330668,23.10819933,113.2396123,23.11393442
天旭小可爱保育园,汇侨新城汇侨路14号首层101室,113.263811,23.20454801,113.2702791,23.21077577
山今早托萌学园,石围塘街道龙湾路2号首层110铺,113.2330668,23.10819933,113.2396123,23.11393442
优立思文化成长中心,前进街桃园路1号,113.4158328,23.11772949,113.4222702,23.12395616
佑升辅导,中山六路惠吉东路17号1楼,113.2661471,23.13222932,113.2725757,23.13847961
棉村托儿所,海南棉村181号,113.2232343,23.06424887,113.2298212,23.06991787
五六点智慧托管,沙太南路鸿辉高级写字楼2楼201-204室,113.3378469,23.17755901,113.3444316,23.18322434
宝园教育,贤藏街67号1层,113.2698882,23.12983224,113.2763088,23.13612152
童心托管辅导中心,水荫四横路65号101室,113.3186573,23.15392626,113.3251816,23.15977613
童话镇,三堂路南阳里小学（第二校区)东北侧,113.3667645,22.94106782,113.3732936,22.94701402
壹佰度教育,中海花湾壹号D区北门旁,113.2478159,23.07619424,113.2543424,23.08215926
蓓蕾教育咨询部,马岗大街石化小学东北侧约40米,113.4814911,23.1095157,113.4880116,23.11536709
贝贝加国际保育园,金碧世纪花园会所4楼,113.4358903,23.12051782,113.4423942,23.12641101
鸿学堂,江海街艺苑南路244号金影花园南门,113.3271958,23.09778624,113.3337524,23.10352031
晓远托辅中心,桥南路南郊村顺宁路8号,113.3711539,22.93057659,113.37766,22.93659922
荟俊托管辅导中心,桥南路一巷10号,113.2714313,23.13533631,113.27785,23.14163864
德宝教育（华阳校区）,信成小区6号,113.3389179,23.14555529,113.3454738,23.15121308
南箕托儿所,南箕中约大街14号,113.2769354,23.07266935,113.2833865,23.07900877
祝博士（金沙洲沙凤校区）,汇瑞街68号二楼,113.2032632,23.16494604,113.2098127,23.17072973
大拇指托管中心（经述路）,经述路与岗心路交叉口东20米,113.3478788,22.91605868,113.3544378,22.92174635
睿庭教育托辅中心,桥南街南庭路266号,113.3801637,22.92980157,113.3866384,22.93597611
无忧托管辅导中心,东涌路90号二楼,113.3734913,22.94109602,113.3799963,22.9471614
优智嘉教育,东涌路92号1楼,113.3735668,22.94141544,113.3800717,22.94748217
精准托管所,员村街道员村西街4号大院(侨颖苑)2层104室,113.365391,23.12512109,113.3718886,23.13103594
金智慧素质成长中心（金港湾购物广场店）,大龙街城区大道283号金港湾购物广场F2层,113.412288,22.94385661,113.4187515,22.95013258
筱葵园托管中心,东横一路宏泰创空间2楼209室,113.4367804,22.95791632,113.4433223,22.96380166
筱葵园托儿所管中心食堂（东圃店）,东圃小学门口对面二楼,113.4037675,23.12276693,113.4101812,23.12909683
尚堂,桥南街道聚宝路3号,113.376592,22.92844998,113.3830771,22.93456675
中正,西城路287号,113.3583327,22.93645376,113.364887,22.94226171
阳光托管,红山街道姬堂乐善上街52号,113.4817336,23.10061272,113.4882621,23.1064698
IQ博士,淘金街11号,113.2936437,23.14659739,113.3000785,23.15285159
贝贝育儿中心,环山路与围仔大街交叉口东北40米,113.2991275,22.96999966,113.3056001,22.97618486
优博学,桥南街南庭路242号,113.3796783,22.92990151,113.3861547,22.93606856
优博学,桥南街南庭路242号,113.3796783,22.92990151,113.3861547,22.93606856
韵乐生活馆・双语托管（桥东店）,东涌路130号,113.373243,22.94250382,113.3797494,22.94856496
Sunny文化托辅中心,碧莲路222号,113.362051,22.92172649,113.3685805,22.92758935
诺诚教育中心,大西路132号,113.3680543,22.94180159,113.3745792,22.94777061
Sunny文化托辅中心（锦庭店）,锦庭路236号,113.3797606,22.92987563,113.3862367,22.93604395
领航托管,港湾一村13栋105房（大沙地地铁站C口步行470米),113.4523844,23.10659572,113.4589417,23.11228071
彼芯课后成长中心（华阳中心）,信成南街宏景台三楼c区,113.3373222,23.14518436,113.3438773,23.15084488
多向托管,小北路52号粮贸大厦F2层,113.2783059,23.13893223,113.2847193,23.14526715
嘉家托管,长兴路105A2栋505-506室,113.356011,23.17477445,113.3625712,23.18054985
花园教育,城内路与城内路一巷交叉口西约60米,113.5898491,23.55356825,113.5964298,23.55927579
习优教育（大西路店）,三堂路南阳里小学（第一校区)西侧约50米,113.3683268,22.94237128,113.3748509,22.94834518
福慧托管辅导中心,福涌村福兴路二街4号,113.3452518,22.92403653,113.3518221,22.9297101
沐洋瀚文,顺宁路与南康二巷交叉口西北20米,113.3724273,22.93084661,113.3789291,22.93689185
师路育儿托管,西城路181号,113.360127,22.93708447,113.3666763,22.94291948
阳光托管,英贤路15号,113.5583419,22.71310691,113.56489,22.71896667
博学托管培训中心,淘商城电子商务创意产业园西南门旁,113.374638,22.93633703,113.3811363,22.94242181
贝思少儿托管中心,南郊村B区南康大街4号,113.372587,22.93079485,113.3790882,22.93684291
乐瑶园教育托管.辅导.艺术,德贤路604号（君华御府东门),113.3630335,22.92159051,113.3695597,22.92746952
酷爱学托管,亚运大道辅路与兴亚大道交叉口西行150米路南亚运城天成,113.481629,22.95160298,113.4881778,22.95746244
国小安亲托管,象岗街34号,113.2825666,23.15025905,113.2889882,23.15659388
爱玛托管班,象岗街与下塘新村二巷交叉口东南100米,113.2822865,23.15132919,113.2887089,23.15766485
成长学生托管辅导社,西城路281号,113.358428,22.9364714,113.3649821,22.94228074
一心托辅中心,三堂路四巷1号,113.2714313,23.13533631,113.27785,23.14163864
学通托辅中心,顺宁路3号,113.3714972,22.93058691,113.3780021,22.93661563
旭升家庭服务部,二i西街1巷2号,113.378759,22.92324974,113.3852319,22.92940099
一同学,顺宁路南郊村-B区,113.3735899,22.93065731,113.3800874,22.93672296
习乐托管中心,育龙路龙岐螺阳小学西北侧,113.3557414,22.92768643,113.3622958,22.93345703
全优托管中心（沙坑大道）,沙坑大道43号,113.3529752,22.91748775,113.3595261,22.92322268
博雅托辅中心,南华路123、125、127号商铺,113.3956124,23.01085718,113.4020256,23.01718446
如意教育,东涌路114号,113.3733339,22.94207441,113.3798398,22.94813711
澳美加全日托,环市东路500号广发花园幸运阁,113.3152638,23.1401157,113.3217658,23.14601973
三乐教育,逸彩路小美医生二楼,113.2215144,23.13377418,113.2280644,23.13943166
童佳学习吧,大西路143号,113.3681363,22.94165673,113.3746607,22.94762719
晨童托辅,三堂路94号,113.3673478,22.94292175,113.3738756,22.94887837
五六点智慧托管,育才街1号205、206房,113.2185101,23.38072506,113.2250635,23.38638301
学倍优托辅中心,新中路6号之一202号,113.2168982,23.3767302,113.223449,23.38239122
创想教育托管,东华东路388-7号首层,113.2935731,23.12770431,113.3000011,23.13395794
悦享学成长中心,中山大道绿茵街9号,113.3950524,23.12839617,113.4014658,23.13472102
华外APEP爱培学园（优托邦店）,科学大道193科学城商业广场F2层,113.4591142,23.1736829,113.4656965,23.17934552
奇特小镇,市桥街富都城捷进中路3号上轩广场F2层,113.3751614,22.95654904,113.3816615,22.96264358
新塘学舟托管辅导中心,桂花路新塘镇第二小学东侧,113.6197039,23.12109888,113.6261527,23.12726115
三点半互助托管中心,东沙村兴发路,113.3700621,22.96885203,113.3765726,22.97485532
晖扬文化艺术特色托管,玉兰东路与紫荆东路交叉口东150米,113.3629792,23.14552082,113.3694907,23.15139584
金苹果看护点,岑村圣塘大街二巷23号,113.3945171,23.16156132,113.400952,23.16788791
鸣人教育,繁华路90号,113.3661608,22.94804243,113.3726941,22.95397847
东方托管中心,岑村松岗小区7巷2号,113.3945171,23.16156132,113.400952,23.16788791
洪悦托管,农林下路78-2号附近（区庄地铁站B1口步行140米),113.302061,23.14185213,113.308517,23.14798613
安心托管（沙河塘寮街）,沙河大街左竹园14号,113.3386723,23.185473,113.3452607,23.19113771
启航托管,友爱路9号之1号102室,113.2973607,23.14676662,113.3038055,23.15297294
优师教育托管中心,东山街道署前路17号,113.3014354,23.12884265,113.3078858,23.13498602
亲仁托管,车陂路B12站,113.3987485,23.12463354,113.4051605,23.13096916
贝乐,南康六巷与顺宁路交叉口附近,113.3719988,22.93039811,113.3785018,22.93643569
文亮托管辅导班,派潭镇文政路102号,113.786674,23.49595523,113.7931431,23.50201053
太小阳托管,水荫二横路水荫路小学,113.3198208,23.1471751,113.3263428,23.1530054
小花园优童托管,福今东8号之1-10福今东8号大院福今东8号大院之五101室,113.3112497,23.13599963,113.3177356,23.1419736
启辰托学中心,乐宜路大同小学南侧,113.3976082,22.89872762,113.4040225,22.9050616
思学微塾,仁厚直街4前锋商务楼F1层,113.2700604,23.1076517,113.2764927,23.11394497
开心托管辅导中心,瑶东街与东联新街一巷交叉口北140米,113.6331948,23.14567168,113.6396163,23.15198845
童映学堂,共和八巷18号,113.2714313,23.13533631,113.27785,23.14163864
培正托管（培正店）,培正新横路21-23号,113.3043264,23.12422864,113.3107874,23.13032432
未来星托管中心,永发路5-21号,113.2714313,23.13533631,113.27785,23.14163864
华人教育托管中心,江南西路36号,113.2782061,23.10181881,113.2846352,23.10815676
小森林托管,陂吓路嘉汇・四季阳光东北侧约40米,113.8180546,23.30096572,113.8246415,23.30662961
雅智园幼儿托管中心,港湾西三街西200米,113.4472599,23.10877355,113.4538057,23.11450439
小森林托管,陂吓路嘉汇・四季阳光东北侧约40米,113.8180546,23.30096572,113.8246415,23.30662961
雅智园幼儿托管中心,港湾西三街西200米,113.4472599,23.10877355,113.4538057,23.11450439
成长教育托管辅导中心,桑田一路32号礼加诚购物广场对面,113.5759157,23.19301996,113.582503,23.19869094
姬堂小学-阳光辅导,黄埔街道姬堂小学,113.4710054,23.13767381,113.4775455,23.14338469
精灵艺术托管中心,大源东路92号,113.3643302,23.25080878,113.3708311,23.25670528
南浦幼儿早教中心,东乡广场东南（东乡二街）,113.2861009,23.05216035,113.2925468,23.05848539
翰林优幼教育,荔城大道300号4层,113.8132811,23.30231145,113.8198648,23.30799462
十牛城堡,迎星中路番禺儿童公园,113.3735839,22.96727206,113.3800831,22.97333797
乐学时校外托管服务中心,共和苑内（共和三巷46-48号首层）,113.3139793,23.12986871,113.3204741,23.13579439
上步托儿所,上步花园A2栋21号（上步地铁站D口步行450米),113.243375,23.176215,113.2499134,23.18210251
立星托管,员村三横路东巷1号二三楼,113.373921,23.12550597,113.3803878,23.13157142
思培学研社,五一新村大街南16号（沙园地铁站C口步行250米),113.2726907,23.09162396,113.2791347,23.09794089
科翰教育,繁华路57号繁华中心三楼,113.3692516,22.94769274,113.3757738,22.95368336
欣育托管,阳光假日园2层A29室,113.398103,23.134748,113.404515,23.14108264
大智森林,中山大道1100号,113.3652866,23.14392899,113.3717889,23.14984292
云熙教育,茶山路睿峰园一楼,113.3605759,23.15399238,113.3671028,23.15983006
明日之星托管班,新造镇新华路85号崇德市场对面,113.4255243,23.04241789,113.4320108,23.04849741
芽米国际保育园,大丰路18号大丰汇创意园D栋201号,113.3803,23.1555021,113.3867598,23.16167584
慧知幼儿托管中心,新庄三街1-3号,113.566542,23.19916681,113.5731124,23.2049108
德信托管辅导中心,新塘新村北街路7号,113.2714313,23.13533631,113.27785,23.14163864
旭日托管辅导中心,光明西路江龙学校,113.8250931,23.1385327,113.8316423,23.1441997
新目标托管中心,清布村清潭小学旁边,113.2679969,23.38754006,113.2744283,23.39381248
金紫里步星托管,金紫里东街34号2层,113.2957472,23.08699667,113.3022125,23.09322993
天树幼儿国际教育,远洋天骄广场B1栋2楼211室,113.3295006,23.02097606,113.336043,23.02668283
比芯课后成长中心,华穗路406号906室,113.3265013,23.13266028,113.3330347,23.13839778
奇特小镇婴幼儿日托中心（时代倾城校区）,时代倾城194铺,113.8525684,23.28501128,113.8590642,23.29105811
甄诚小初中托管中心,竹苑街18号104商铺,113.223022,23.38566705,113.2295779,23.39132886
艺墨托管中心,穗石村穗石大道38号,113.4185763,23.05540081,113.4250515,23.06159528
小宇宙托辅中心（潭山店）,潭山环村公路化龙第二小学,113.4642999,23.00609477,113.470848,23.01175907
前蔚托幼园,桃园路21号101房二层,113.3372029,22.9038316,113.3437562,22.90949226
智航教育托管中心,五斗街11号智航托管中心,113.8375411,23.28943921,113.8440928,23.29523379
瑞奇中小学托管辅导,东园六街南燕楼,113.5371799,23.07019863,113.5436565,23.07641446
唐老师托管辅导,友爱路一巷六号,113.2967633,23.1458478,113.3032057,23.15206226
亲子园太阳广场校区,天润路461号五楼,113.3458273,23.14972689,113.3523835,23.1554005
呈长乐园,江夏村学校北路3号尚毅大厦311房,113.2876422,23.21561829,113.2940825,23.22193222
裕苑街九巷8号托管,大简幼儿园,113.416759,22.87599128,113.4232006,22.88220578
巧多狮,番禺大道北555号,113.3564947,23.0003074,113.3630224,23.006083
筱葵园托管中心,吉山小学旁边,113.4354498,23.13807135,113.4419515,23.14397191
腾艺安亲托管中心,雅居乐剑桥郡瀚澜一街20号之2号,113.3912543,23.02898213,113.3976816,23.03528508
天之骄子双语乐园,木棉街11巷2号,113.2714313,23.13533631,113.27785,23.14163864
儒雅托管中心,富怡路17号2楼,113.4457175,22.96389004,113.4522827,22.96964348
智慧托管,石楼镇乐羊羊路38号亚运城天o1区7栋106,113.4973054,22.95259901,113.5037991,22.95873003
贝亲国际托幼公学,石井街石槎路981号5层,113.2492143,23.20583726,113.2557304,23.211826
慧优教育,南村壹号健康产业321,113.3685682,23.02150384,113.3750572,23.02747509
博贤托管中心,员岗村后底岗北路一号,113.3686505,23.02802591,113.3751438,23.03399956
欣欣托管（大石店）,岗东路55号附近,113.3150683,23.02423308,113.321572,23.03014099
家政托管,金碧二街金碧花园（石溪地铁站D口步行290米),113.2940828,23.0751279,113.3005505,23.08138334
启航托管中心,大石岗东路37号之一,113.3215446,23.02582518,113.3280706,23.03162927
早教,学园街金钻城市广场东侧约30米,113.6253875,23.29373488,113.63185,23.29998341
五六点托管（重文校区）,泰山路59号,113.4986135,22.97254437,113.5050909,22.97869429
小不点天地托管中心,民兴路东大街金色童年幼儿城堡东北侧,113.2897882,23.04469367,113.2962327,23.05099085
翰玛国际托管中心,荔景大道1号中区名门,113.8289772,23.29694827,113.8355547,23.30264693
汪嘟嘟的小院,淘金路淘金街20号-34号小区南侧,113.2940676,23.14602683,113.300503,23.15227593
智慧熊猫,金花直街34宜盛商务中心2层208室,113.2513662,23.13782136,113.2578432,23.14384197
开轩文物托管所,棠德东横路棠德花苑,113.3906776,23.14001659,113.3970994,23.14631357
小学士托管,增江街增江路1号11栋首层,113.8499646,23.29193016,113.8564762,23.29793187
洛溪新城小学-知了托管,如意三马路与康宁东路交叉口东北20米,113.3037301,23.04863948,113.3102164,23.05475082
hh辅导托管中心,南村镇樟边村隔田坊大街二巷8号之二,113.3896793,22.99049528,113.3961099,22.9967849
明爱教育（第四分店）,胜石环村西路10巷2号,113.3129002,22.98314384,113.3194074,22.98909177
学思托管,丹桂园大街9巷7号,113.2714313,23.13533631,113.27785,23.14163864
乐洋洋智慧托管（亚运城天韵店）,兴海路93号11栋107号,113.2714313,23.13533631,113.27785,23.14163864
博思托管中心,江南村南里路2号3幢301室,113.3832141,23.00032628,113.389653,23.00653982
天天向上课后托管中心,蚧地街太平中心小学北侧约70米,113.488891,23.44077201,113.4954116,23.44675567
天河区丰乐社区安亲托辅中心,中山大道棠东村官育路18号（棠东小学门前50米）,113.3910582,23.13374137,113.397477,23.14004101
NewHope,黄石街道黄石北路白云尚城一期会所一楼,113.29079,23.21843271,113.2972328,23.2247201
启航托管中心,小塘坊新区大街与为民北路交叉口西220米,113.3882787,22.99355867,113.3947095,22.99983416
奇特小镇婴幼儿日托中心（桥南江畔校区）,桥南街逸祥大街2号2层202号,113.3751689,22.93524169,113.3816646,22.94133546
全优家托管辅导中心,小龙村祠堂西街北二巷25号,113.4423065,22.96755398,113.4488598,22.97335196
暖心托管,长兴路天鹅花园A栋,113.357675,23.17498799,113.3642306,23.18078628
康乐托辅,康乐路92号,113.3659723,22.95037124,113.3725063,22.95630401
乐乐托儿所（旺城南路）,旺城大道88号,113.5795814,23.56156436,113.5861682,23.56722704
贝安亲（华发中央公园店）,华发中央公园省实旁,113.2435251,23.07140349,113.2500677,23.07729449
爱思托管中心,穗花南街8号,113.2842537,23.10138466,113.2906847,23.10771582
人之初托管,沙湾街道,113.3529233,22.91367239,113.3594705,22.91940596
清华托管,井三新内街12号,113.2714313,23.13533631,113.27785,23.14163864
比芯课后成长中心,华联创意园,113.2908473,23.23257034,113.2972766,23.23885439
里享家托管教育中心,锦绣天伦四街4-6号,113.2714313,23.13533631,113.27785,23.14163864
童趣之家,华强路2号富力盈丰大厦a座,113.3234024,23.13182013,113.3299277,23.13759668
未来希望幼托,塘寮街沙东大街小区,113.3170424,23.16032695,113.3235678,23.16620449
学优托管班（五羊店）,五羊北小区A4栋地02室,113.319598,23.12747798,113.326112,23.13331027
好苗子托管辅导中心,环城西路37号,113.3694514,22.94489995,113.3759723,22.95089401
启航托辅,潭山小学潭山路65号,113.4662129,23.0066542,113.472759,23.01232774
智登宝贝,黄埔大道中翠湖山庄27-28号铺,113.3595705,23.13290721,113.3660871,23.13872663
托儿思,员村西街与乐学街交叉口西南约80米,113.2720872,23.22812539,113.2785153,23.23443479
培英托管,小乌新街234号,113.4366226,22.87130089,113.443135,22.87718303
阳光托管（坭紫村前大路）,坭紫村洪圣涌五巷四号,113.6443884,23.12128717,113.6508033,23.12761556
明智托管,东涌镇盛发西街二巷6-1号,113.4570279,22.89506987,113.4635768,22.90072979
金太阳托管,盛发西街与东华街交叉口北20米,113.4575416,22.89484926,113.4640907,22.90050788
小红帽托管中心,南庭路72号,113.3773432,22.93039528,113.3838275,22.93652491
小红花,洛浦街道上村如意路3巷10号,113.3084482,23.04708199,113.3149497,23.05311102
A课后托管中心,经述路1号102室,113.3438684,22.91210641,113.3504278,22.91777174
创意教育托管中心,中新镇食饭台,113.6154348,23.2960778,113.6219298,23.30217648
育群托管班食堂（丹桂园店）,丹桂园大街四巷1号,113.3645904,22.95317523,113.371129,22.95908409
远大小状元学习中心,洛浦街百事佳花园临江楼二楼,113.3063108,23.04303363,113.3128006,23.04909951
翎荟学院,宝业路576号-6,113.2684968,23.09760407,113.2749422,23.10388458
乐学之家培训托管中心,宁西市场兴旺街17号,113.5801668,22.75327666,113.5867225,22.75893342
领悦教育,江南中街道江南中穗花新村13号（崴帝斯健身游泳会所旁）,113.2831682,23.1018518,113.289598,23.1081866
小天才托管辅导中心,康乐路康乐园5号一座,113.366896,22.95052399,113.3734267,22.95647293
腾龙托管中心,大敦村创新北路（顾康多药房),113.6747349,23.13139723,113.6812324,23.13730957
朗阅托管中心,中海花湾锦佳四街6号115室,113.3218832,23.08063964,113.3284402,23.08644489
五年三班亲亲家园儿童托管,兴发大街169号2楼,113.5833828,22.75386715,113.589937,22.75952912
童心托管中心,青年路东兴楼3楼,113.4074688,23.12436948,113.413886,23.13068019
新果托幼园,双桥8号荔水街3号101房,113.2609046,23.18199263,113.2673849,23.18817992
全A+少儿托管中心,桥南街南平路1巷号101铺,113.2825971,22.93119419,113.2890398,22.93753309
萌星托管（富城商场店）,捷进中路瑞华苑,113.3728564,22.95779453,113.3793641,22.96384885
五六点智慧托管,雍逸华庭东门西北130米,113.3820929,22.9297742,113.3885618,22.93597741
向日葵托管辅导中心（三稳涌西街）,文稳街与909乡道交叉口西80米,113.4354035,22.89059423,113.441903,22.89649528
育才托管辅导中心（西华路）,西一小学西北门旁,113.2778662,23.05402654,113.2843106,23.06036693
启帆托管班（石楼清流村店）,石楼镇东窖桥候车亭隔壁,113.5065281,22.91416255,113.5129699,22.92042062
今诺托管成长中心（碧桂园店）,荔城街荔星大道8-301-302室,113.8100702,23.29900999,113.8166473,23.30471704
德才托管,马岗顶北街与泰沙路交叉口西南80米,113.2921668,23.0914855,113.2986195,23.09776044
班长之家,莲花山海鸥桥底,113.2714313,23.13533631,113.27785,23.14163864
利民托儿所,桥南街上奥东街6巷8号,113.3751689,22.93524169,113.3816646,22.94133546
十牛小镇（南国奥园店）,悉奥路商业街5座203室,113.3270036,22.99047324,113.333547,22.99620691
五六点智慧托管,德贤路590号,113.3628686,22.92191905,113.3693957,22.92779539
彩虹教育金贝儿托幼,民安路与东乡五街交叉口西南40米,113.285251,23.04952114,113.2916938,23.05585014
天湖晨曦艺术托管中心,康乐西路（太平第二中学西南侧),113.4867702,23.44103667,113.4932984,23.44698276
向阳托管,龙兴中路永兴小学南侧约110米,113.3347335,23.27328717,113.3412939,23.27895862
育优托管,保利星海小镇（榄核二小正对面）,113.35724,22.84078243,113.363799,22.84657509
培优文化托管,吉祥北园A区,113.304976,23.04811804,113.3114661,23.05420808
卓聪托管,进港大道28号3楼,113.553911,22.80624591,113.5604312,22.8121779
育苗托管辅导班,花园路七巷与花园中路交叉口东南40米,113.4912986,23.4377612,113.4978119,23.44378805
启点托辅中心,牌坊路52号,113.2352108,23.19627717,113.241778,23.20204343
东新街儿童看护点,吉山村大园街15号,113.1995721,23.23465291,113.206092,23.24048695
学生哥托管辅导中心,裕兴西街2号2/3楼,113.5547234,22.80532225,113.5612455,22.81123994
启航托管班,民生路三街,113.2714313,23.13533631,113.27785,23.14163864
晋级托管,奥园金莎广场银座103铺,113.2714313,23.13533631,113.27785,23.14163864
传知学堂,德祥路8号,113.3794588,22.94016015,113.3859431,22.94632525
