小区,行政区,地标,地址,在售,在租,建成年份,平均房价,涨幅百分比,跌幅百分比,等级,百度地图经度,百度地图纬度,GCJ02经度,GCJ02纬度
小区,行政区,地标,地址,在售,在租,建成年份,平均房价,涨幅百分比,跌幅百分比,等级,百度地图经度,百度地图纬度,GCJ02经度,GCJ02纬度
从都国际庄园别墅,从化,温泉,广州市从化区御泉大道8号,48,0,暂无资料,56867,,↓2.38%,"""地产小区""",113.688035,23.68873802,113.6946034,23.69446399
珠江国际城,从化,太平,从化太平镇佛岗村105国道,19,0,2001,13321,↑0.12%,,"""地产小区""",113.5332895,23.47478256,113.5397217,23.48104114
富力泉天下别墅,从化,温泉,景泉大道赏泉路128号,16,0,2015,12675,↑1.74%,,"""宾馆""",113.6630849,23.64359264,113.6695634,23.64971418
东方夏湾拿别墅,从化,太平,广从公路莲塘桥,16,0,2013,16123,↑1.29%,,"""道路""",113.369167,23.33893787,113.3756711,23.34492327
时代印象,从化,太平,地铁14号线・太平地铁站B出口,15,0,暂无资料,16471,↑0.31%,,"""地产小区""",113.499073,23.45920904,113.5055416,23.46536495
雅居乐滨江雅苑,从化,太平,广从南路与太平西路交汇处,12,0,暂无资料,11912,,↓4.74%,"""地产小区""",113.485966,23.4371941,113.492499,23.44312649
方圆明月山溪,从化,温泉,从化市温泉镇内,11,0,2014,9820,,↓0.46%,"""宾馆""",113.6414957,23.63438627,113.6479193,23.64072497
珠光流溪御景别墅,从化,太平,从化市神岗文峰塔公园内流溪河畔(105国道旁..,11,0,2011,15792,,↓3.23%,"""地产小区""",113.5784639,23.53310274,113.5850467,23.53876567
珠光流溪御景,从化,太平,从化神岗文峰塔公园内流溪河畔,10,0,2011,11307,↑0.00%,,"""长途汽车站""",113.5640352,23.52314788,113.5705858,23.52892011
富力泉天下,从化,温泉,紫檀三路68号,9,0,2014,9841,↑1.24%,,"""宾馆""",113.664999,23.64240105,113.6714831,23.64848983
君源御湖城别墅,从化,街口中心区,从化灌村路399号,7,0,2012,8634,↑5.51%,,"""地产小区""",113.6396951,23.57971171,113.6461247,23.58605265
保利花城纪,从化,街口中心区,江埔灌村路,7,0,暂无资料,21343,↑1.60%,,"""道路""",113.6379834,23.57486269,113.6444183,23.58120279
方圆明月山溪别墅,从化,温泉,从化市温泉镇明月山溪大道,6,0,2010,11069,,↓6.31%,"""宾馆""",113.640746,23.63374698,113.6471689,23.64008634
名城御景绿洲,从化,街口中心区,从化区江埔街河东南路388号,6,0,2012,12149,,↓1.57%,"""NoClass""",113.6085932,23.53697147,113.6151136,23.54294954
紫泉翠荔嘉园,从化,太平,广从北路280-282号,6,0,2004,12334,↑1.50%,,"""门址""",113.555744,23.50800701,113.5622534,23.5139037
珠光御景山水城,从化,街口中心区,江浦镇105国道九里步果场段,6,0,2016,10033,↑0.49%,,"""门址""",113.3736644,22.93416889,113.3801645,22.94023643
招商金茂保利和府花园,从化,街口中心区,西宁小学北(和鸣路与北星路交叉口),5,0,暂无资料,15973,,↓1.29%,"""地产小区""",113.5880645,23.56289706,113.5946443,23.5685894
东方夏湾拿,从化,太平,神岗镇水南广从路193号,3,0,2007,16596,↑1.17%,,"""宾馆""",113.5067515,23.47904688,113.5131809,23.4853053
大城云山,从化,太平,太平镇广从南路1033号,3,0,2018,12466,,↓1.20%,"""NoClass""",113.4994027,23.46375623,113.5058656,23.46991638
广州紫泉流溪湾,从化,太平,从化区流溪河畔,3,0,2006,12944,↑1.03%,,"""地产小区""",113.4790848,23.45174383,113.4856311,23.45756138
荔山雅筑,从化,太平,街口神岗镇赤草村(105国道旁),3,0,2016,11620,,↓0.98%,"""地产小区""",113.573532,23.50783705,113.5800869,23.51351327
青春,从化,街口中心区,江埔街环市东路223号(凯旋假日酒店对面),3,0,2014,11712,↑0.10%,,"""NoClass""",113.6138002,23.53539308,113.6203004,23.54146338
时代幸汇,从化,街口中心区,江埔街环市东路188号时代幸汇营销中心,3,0,暂无资料,10802,↑2.25%,,"""地产小区""",113.615141,23.53818209,113.6216382,23.54427604
碧桂园御湖城,从化,街口中心区,灌村路399号,2,0,2011,9193,↑0.81%,,"""地产小区""",113.6396951,23.57971171,113.6461247,23.58605265
翡翠城,从化,鳌头,城鳌大道西路290号,2,0,2012,7673,,↓2.46%,"""地产小区""",113.4342059,23.62863483,113.4407104,23.6345582
华标荔苑,从化,太平,平南路8号,2,0,2013,12731,↑2.05%,,"""地产小区""",113.4964908,23.45653321,113.5029709,23.46264744
宏诚海峰花园,从化,街口中心区,环市东路453号,2,0,2014,11922,↑7.33%,,"""地产小区""",113.6182654,23.55947853,113.624753,23.56562505
合景朗悦公馆,从化,鳌头,鳌头镇新政西路合景朗悦公馆营销中心,2,0,暂无资料,8765,↑0.09%,,"""地产小区""",113.435931,23.61892499,113.4424352,23.62481736
莱茵水岸,从化,街口中心区,从城大道33号,2,0,2009,17473,↑2.38%,,"""地产小区""",113.6031037,23.53227053,113.6096404,23.53815255
侨宏花园别墅,从化,温泉,从化温泉风景别墅区,2,0,暂无资料,17303,↑2.00%,,"""地产小区""",113.6455122,23.64409094,113.6519483,23.65041864
雅居乐小院流溪,从化,太平,广州从化街口街沙贝村地段,2,0,2015,11954,↑2.72%,,"""地产小区""",113.571793,23.5200706,113.5783572,23.52576088
越秀逸泉映翠,从化,街口中心区,江埔街迎宾大道以北、105国道旁(南洋理工大..,2,0,2015,9700,,↓0.68%,"""NoClass""",113.6240139,23.57971594,113.6304668,23.58594427
云星钱隆天誉,从化,太平,太平镇高技术产业园社区丰盈路7号,2,0,2016,12628,,↓0.16%,"""地产小区""",113.5008358,23.44834004,113.5073093,23.45452535
珠江壹城,从化,太平,广州市从化区太平镇国际城大道270号,2,0,暂无资料,11741,↑0.00%,,"""地产小区""",113.5332895,23.47478256,113.5397217,23.48104114
爱尚流溪,从化,街口中心区,江埔街环市东路988号(G105与迎宾大道交..,1,0,2016,9495,,↓3.75%,"""地产小区""",113.6261999,23.57689966,113.63265,23.58315602
柏仑雍禾苑别墅,从化,街口中心区,从化市街口城南村355线省道,1,0,2010,17449,,↓12.72%,"""地产小区""",113.586998,23.54466776,113.5935828,23.55035352
保利桃花源,从化,温泉,中山大学南方学院南门,1,0,暂无资料,11986,,↓3.28%,"""地产小区""",113.685087,23.63423903,113.6916316,23.63999556
从化雅居乐滨江花园,从化,街口中心区,江埔街红荔新村红荔西街,1,0,2006,16767,,↓9.74%,"""地产小区""",113.5996788,23.54045395,113.6062323,23.54628218
从化怡景楼,从化,街口中心区,回归三巷52号,1,0,2010,10072,↑4.31%,,"""地产小区""",113.5003966,23.4460969,113.5068732,23.45227593
从化荔景园别墅,从化,街口中心区,街口镇青云路,1,0,2005,18792,↑2.59%,,"""地产小区""",113.5890506,23.54004032,113.5956304,23.54574062
方圆・泉溪月岛,从化,温泉,流溪河半岛(距广东温泉宾馆约1公里),1,0,2017,37895,↑6.05%,,"""宾馆""",113.6583225,23.65560238,113.6647961,23.66180108
宏润天睿,从化,街口中心区,城鳌大道东(广州华夏学院旁),1,0,2017,8058,↑2.24%,,"""道路""",113.452943,23.6063865,113.4594898,23.61206511
环城西路教师村,从化,街口中心区,环城路150号,1,0,暂无资料,11866,,↓5.16%,"""地产小区""",113.5811818,23.55447976,113.5877714,23.56014362
莱茵水岸别墅,从化,街口中心区,从城大道33号,1,0,2014,19939,↑3.00%,,"""地产小区""",113.6031037,23.53227053,113.6096404,23.53815255
蓝田西路小区,从化,街口中心区,街口镇青云路蓝田西路(青云公园北边),1,0,2000,11179,,↓2.75%,"""地产小区""",113.5899951,23.5513108,113.5965758,23.55701969
荔林春晓,从化,太平,高技术产业园工业大道7号,1,0,2016,13344,↑0.52%,,"""NoClass""",113.4995586,23.45239297,113.5060325,23.45855793
人盛假日花园,从化,街口中心区,街口街河滨北路222号,1,0,2006,12130,,↓1.10%,"""地产小区""",113.6025749,23.55801776,113.6091195,23.56389228
人盛巴厘天地,从化,太平,太平神岗广从北路263号,1,0,2012,10119,↑1.18%,,"""地产小区""",113.5423439,23.49819585,113.5487986,23.50432509
上城湾畔,从化,街口中心区,街口流溪河畔,1,0,2009,18790,↑1.26%,,"""地产小区""",113.5949205,23.53427578,113.6014839,23.54003657
旺利花园,从化,街口中心区,从化市旺城大道,1,0,2006,11944,,↓1.14%,"""地产小区""",113.5790385,23.56488197,113.585623,23.57054455
望谷御泉花园,从化,温泉,从化温泉镇温泉西路8号,1,0,2014,9913,↑3.92%,,"""地产小区""",113.6462711,23.63500164,113.652699,23.64132331
夏日港湾,从化,街口中心区,港湾路18号,1,0,2004,13806,,↓0.61%,"""地产小区""",113.6016357,23.54512321,113.6081846,23.5509826
星汇峰,从化,太平,太平镇高技术产业园社区明珠路8号,1,0,2010,11503,,↓1.79%,"""地产小区""",113.4995074,23.44746129,113.5059858,23.45362635
信业珑悦花园,从化,街口中心区,从化建设南路,1,0,暂无资料,8935,↑1.56%,,"""地产小区""",113.5386547,23.59788551,113.5450993,23.60407288
逸泉山庄别墅,从化,太平,街口街道赤草村逸泉路1号,1,0,2010,24091,↑4.85%,,"""村庄""",113.5754991,23.51543466,113.5820631,23.52110239
逸泉山庄,从化,太平,街口街道赤草村逸泉路1号,1,0,2000,14318,↑3.34%,,"""地产小区""",113.5652086,23.50853305,113.5717479,23.51428723
越秀逸泉锦翠,从化,街口中心区,环市东路广外实验小学东侧,1,0,暂无资料,11083,↑0.31%,,"""NoClass""",113.6246584,23.59166851,113.631098,23.59790286
安合花园,从化,鳌头,鳌头镇前进路,0,0,暂无资料,,,,"""地产小区""",113.4273209,23.62865887,113.4338001,23.63470417
贝月湾,从化,街口中心区,河滨南路76号,0,0,2005,19300,↑0.00%,,"""地产小区""",113.5953352,23.54386677,113.6019028,23.54963391
碧溪小区,从化,街口中心区,从化街口碧溪路,0,0,1995,12645,↑0.00%,,"""地产小区""",113.5964373,23.54908706,113.6030029,23.55486894
碧海云轩,从化,街口中心区,江埔街红荔新村,0,0,2012,17342,↑2.00%,,"""地产小区""",113.6019232,23.54823998,113.6084717,23.55410415
碧翠小区,从化,街口中心区,越秀下塘西435号,0,0,暂无资料,15035,↑0.00%,,"""地产小区""",113.2805079,23.14877818,113.2869276,23.15511569
碧水新村别墅,从化,温泉,鳌头镇碧水新村怡乐路三区二街110号,0,0,暂无资料,,,,"""楼号""",113.7373351,23.71076609,113.743798,23.71689176
碧泉路小区,从化,温泉,从化温泉镇碧泉路,0,0,暂无资料,8658,,↓2.00%,"""地产小区""",113.6615958,23.6502516,113.6680756,23.65639894
碧溪路商铺,从化,街口中心区,从化区碧溪路,0,0,1996,,,,"""道路""",113.5975114,23.54852489,113.6040739,23.55432163
宝城路商铺,从化,街口中心区,从化宝城路,0,0,暂无资料,,,,"""道路""",113.5814274,23.56327153,113.5880129,23.56893486
北星路小区,从化,街口中心区,从化街口镇北星路,0,0,暂无资料,11187,,↓3.00%,"""地产小区""",113.5857911,23.56196244,113.5923744,23.56764052
碧水雅亭,从化,街口中心区,广州市从化区江埔街禾仓村,0,0,暂无资料,,,,"""地产小区""",113.5996203,23.53482379,113.6061705,23.5406504
碧桂园从化1960,从化,街口中心区,街口河滨北路86号(河岛公园旁),0,0,2020,,,,"""地产小区""",113.599538,23.556166,113.6060933,23.56199236
保利花城纪别墅,从化,街口中心区,江埔灌村路,0,0,暂无资料,28571,↑6.67%,,"""道路""",113.6379834,23.57486269,113.6444183,23.58120279
从化托斯卡纳,从化,街口中心区,355省道海关旁,0,0,2007,11877,,↓2.90%,"""地产小区""",113.5826261,23.54566934,113.5892151,23.55133576
从化玫瑰园,从化,街口中心区,街口街蓝田西路,0,0,2000,11284,,↓1.11%,"""地产小区""",113.590285,23.55099103,113.5968652,23.55670254
彩云花园,从化,街口中心区,街口街道青云社区青云路173号,0,0,1997,13974,↑0.00%,,"""地产小区""",113.5901261,23.54640937,113.5967062,23.55211937
城市印象花园,从化,街口中心区,城郊街向阳大道1号,0,0,2008,11589,,↓0.15%,"""地产小区""",113.601243,23.55979248,113.6077913,23.56564517
从化锦绣花园,从化,街口中心区,大江路17号,0,0,2000,14561,↑1.00%,,"""地产小区""",113.6097381,23.54990849,113.6162586,23.55590788
从化荔景园,从化,街口中心区,从化市街口镇青云路,0,0,2005,16491,↑0.00%,,"""地产小区""",113.5890506,23.54004032,113.5956304,23.54574062
从化永盛花园,从化,街口中心区,从化市街口河滨北路518号,0,0,2010,13669,,↓3.00%,"""NoClass""",113.610638,23.5579684,113.6171535,23.5639835
从化商贸城,从化,街口中心区,江埔街隆兴路7号,0,0,1997,8333,↑1.75%,,"""地产小区""",113.61031,23.53433998,113.6168222,23.54034828
从化温泉高尔夫花园,从化,温泉,从化市温泉镇温泉旅游度假区内,0,0,2010,14425,↑1.00%,,"""地产小区""",113.6716995,23.65779498,113.6782215,23.66376795
从化都市华庭,从化,街口中心区,新城区城南路与广场路交界,0,0,2005,11854,↑0.00%,,"""地产小区""",113.5920334,23.54449383,113.5986093,23.55022238
从化青云路小区,从化,街口中心区,从城大道青云路,0,0,1995,9176,,↓0.85%,"""道路""",113.5780132,23.55413044,113.5846026,23.55979551
从化雅居乐滨江花园商铺,从化,街口中心区,街口河东江埔街沿江南路段,0,0,暂无资料,,,,"""地产小区""",113.5996788,23.54045395,113.6062323,23.54628218
从化金碧苑,从化,街口中心区,从化街口新村路口,0,0,2009,10400,,↓0.98%,"""地产小区""",113.5915914,23.55688846,113.5981678,23.56261234
从化教师新村,从化,街口中心区,街口街环城路150号,0,0,1996,12322,,↓1.00%,"""地产小区""",113.5811055,23.55486267,113.587695,23.56052643
从化雍和苑,从化,街口中心区,从化街口街城峰路,0,0,2011,8276,,↓8.57%,"""地产小区""",113.585359,23.54317717,113.5919452,23.54885355
从化建设路商铺,从化,街口中心区,从化市街口街建设路,0,0,暂无资料,,,,"""地产小区""",113.5960345,23.54893493,113.6026012,23.55471141
从化雅居乐滨江花园别墅,从化,街口中心区,从化市街口江埔街沿江南路,0,0,2006,28643,↑3.00%,,"""地产小区""",113.5996788,23.54045395,113.6062323,23.54628218
朝阳街小区,从化,街口中心区,朝阳街2号,0,0,2000,13068,,↓1.00%,"""地产小区""",113.595886,23.55493195,113.6024525,23.56070633
成功路小区,从化,街口中心区,新城区建设北成功路,0,0,2000,13597,↑0.00%,,"""地产小区""",113.5956836,23.55054513,113.6022513,23.55631699
城内路小区,从化,街口中心区,新城区城内路,0,0,2000,9589,,↓9.91%,"""地产小区""",113.5897881,23.55401905,113.5963689,23.55972603
从城大道小区,从化,街口中心区,新城区从城大道,0,0,2000,11600,,↓3.00%,"""地产小区""",113.5719866,23.5646915,113.5785652,23.57038326
城中路小区,从化,街口中心区,凤仪东路以南城中路,0,0,2000,16140,↑0.00%,,"""地产小区""",113.5941022,23.54578886,113.6006736,23.55154079
从城大厦,从化,街口中心区,东成路53号,0,0,暂无资料,13530,↑1.00%,,"""地产小区""",113.5951318,23.55408456,113.6017005,23.55984922
从化荣华楼,从化,温泉,从化市温泉镇温泉旅游度假区北溪路荣华楼,0,0,暂无资料,13192,,↓2.00%,"""地产小区""",113.6608823,23.65960623,113.6673664,23.66576639
翠岛水电度假村,从化,温泉,温泉镇温泉西路18号,0,0,暂无资料,17476,,↓1.00%,"""休闲娱乐""",113.649557,23.64210104,113.6559969,23.64840063
城南北路小区,从化,街口中心区,城南北路,0,0,2000,12822,↑2.00%,,"""城市""",113.2714313,23.13533631,113.27785,23.14163864
城内路商铺,从化,街口中心区,从化区城内路,0,0,暂无资料,,,,"""地产小区""",113.5897881,23.55401905,113.5963689,23.55972603
从化新市西街小区,从化,温泉,从化温泉镇新市西街,0,0,暂无资料,10529,,↓1.00%,"""道路""",113.6646594,23.64736729,113.6711472,23.65346294
从化环市东路商铺,从化,街口中心区,从化江埔街环市东路,0,0,暂无资料,,,,"""道路""",113.6201954,23.56138175,113.6266756,23.56755856
城中路商铺,从化,街口中心区,从化街口街城中路,0,0,暂无资料,,,,"""道路""",113.5948815,23.54578008,113.6014509,23.55154158
城南路小区,从化,街口中心区,街口镇城北路,0,0,1990,11502,↑1.00%,,"""道路""",113.8414712,23.3039446,113.84802,23.30980092
村前路小区,从化,街口中心区,从化城郊街村前路,0,0,1992,8871,↑6.44%,,"""地产小区""",113.5892413,23.55886454,113.5958214,23.56456653
城南北路商铺,从化,街口中心区,从化市街口城南北路二巷,0,0,暂无资料,,,,"""乡镇""",113.598027,23.55039257,113.604588,23.55619671
从化托斯卡纳商铺,从化,街口中心区,355省道海关旁,0,0,暂无资料,,,,"""地产小区""",113.5826261,23.54566934,113.5892151,23.55133576
从化青云路商铺,从化,街口中心区,从城大道青云路,0,0,1999,,,,"""道路""",113.5780132,23.55413044,113.5846026,23.55979551
从城大道商铺,从化,街口中心区,从化从城大道,0,0,暂无资料,,,,"""地产小区""",113.5719866,23.5646915,113.5785652,23.57038326
从化永和山庄温泉别墅,从化,温泉,温泉镇南溪路,0,0,暂无资料,,,,"""道路""",113.6643291,23.64845746,113.6708167,23.65455898
从化东成路商铺,从化,街口中心区,河滨北路东成路,0,0,1995,,,,"""道路""",113.6141731,23.56277359,113.6206731,23.56885066
从化环城路商铺,从化,街口中心区,街口镇环城路,1,0,暂无资料,,,,"""道路""",113.5837679,23.5559385,113.5903558,23.56160823
从化朝阳街商铺,从化,街口中心区,从化市街口街朝阳街,0,0,1998,,,,"""道路""",113.5960308,23.5547423,113.602597,23.56051861
从化新世纪广场商铺,从化,街口中心区,街口街东成路68号,0,0,暂无资料,,,,"""NoClass""",113.5959727,23.55343369,113.6025393,23.55920929
从化冲口路商铺,从化,温泉,从化温泉镇冲口路,0,0,暂无资料,,,,"""道路""",113.6526466,23.63502647,113.6590856,23.64129432
从化回归路商铺,从化,太平,从化太平镇回归路,0,0,暂无资料,,,,"""道路""",113.4980437,23.44734069,113.504527,23.45348238
从都国际会议中心,从化,温泉,御泉大道8号,0,0,暂无资料,60314,,↓1.00%,"""宾馆""",113.684837,23.69136704,113.6913954,23.69712972
德堡花园,从化,街口中心区,街口街蓝田西路17号,0,0,2008,14923,↑0.00%,,"""地产小区""",113.5909381,23.55171935,113.597517,23.557437
帝京华府,从化,街口中心区,建设路157号,0,0,2005,14525,,↓2.00%,"""地产小区""",113.5960164,23.54704668,113.602583,23.55282288
东成路小区,从化,街口中心区,东成路37号,0,0,1999,8933,,↓3.51%,"""地产小区""",113.596269,23.55342698,113.6028348,23.55920654
东富广场,从化,街口中心区,街口河滨南路118号从化街口河滨南路118号,0,0,2010,15207,,↓2.00%,"""地产小区""",113.5927085,23.5422058,113.599282,23.54794145
登云小区,从化,街口中心区,从化市街口街新城区,0,0,1998,16720,,↓2.00%,"""地产小区""",113.590303,23.547886,113.5968831,23.55359766
德怡花苑,从化,街口中心区,城郊街旺城开发区南区,0,0,2011,11483,↑1.00%,,"""道路""",113.5022827,22.81654298,113.5087566,22.82275018
大江路小区,从化,街口中心区,河东区大江路,0,0,2000,8090,↑0.00%,,"""地产小区""",113.6077704,23.55187786,113.6142981,23.5578422
东方夏湾拿花园商铺,从化,太平,神岗水南广从公路莲塘桥,0,0,2013,,,,"""村庄""",113.5369133,23.49130658,113.5433492,23.49751809
东富广场商铺,从化,街口中心区,从化街口街凤仪东路138路,0,0,2010,,,,"""NoClass""",113.592672,23.54220978,113.5992457,23.54794503
叠翠轩,从化,太平,花园路十一巷1号,0,0,2017,8852,↑1.59%,,"""道路""",113.4069198,23.02485979,113.4133412,23.03117509
大同路(从化),从化,太平,大同路(从化),0,0,暂无资料,8663,,↓1.14%,"""道路""",113.4878752,23.43655948,113.4944014,23.44252549
丰景阁,从化,街口中心区,江埔街红荔一路9号,0,0,2010,19082,↑2.00%,,"""地产小区""",113.602305,23.54608685,113.6088519,23.5519572
凤仪东路小区,从化,街口中心区,街口凤仪东路,0,0,2010,10781,,↓2.50%,"""地产小区""",113.5949068,23.54704254,113.6014763,23.55280441
富逸华庭,从化,街口中心区,街口新城中路388号,0,0,2002,8653,,↓0.51%,"""地产小区""",113.5926586,23.55335742,113.5992335,23.55909279
凤仪路小区,从化,街口中心区,从化市城南凤仪路,0,0,暂无资料,14981,,↓2.00%,"""地产小区""",113.5949068,23.54704254,113.6014763,23.55280441
丰景阁商铺,从化,街口中心区,江埔街红荔一路9号,0,0,暂无资料,,,,"""地产小区""",113.602305,23.54608685,113.6088519,23.5519572
凤仪西路小区,从化,街口中心区,凤仪西路与青云路交界处,0,0,2000,11917,,↓3.00%,"""地产小区""",113.589275,23.5471311,113.5958568,23.55283375
府前路小区(从化),从化,街口中心区,府前路29号办公大楼(广州市政府西),0,0,2000,13757,,↓1.00%,"""门址""",113.5941259,23.55252476,113.6006976,23.55827704
福城路小区,从化,街口中心区,从化区城郊街福城路,0,0,1998,14894,↑2.00%,,"""地产小区""",113.5826231,23.56363533,113.5892079,23.56930086
方圆明月山溪商铺,从化,温泉,从化市温泉镇,0,0,暂无资料,,,,"""宾馆""",113.6414957,23.63438627,113.6479193,23.64072497
富敏城公寓,从化,街口中心区,江浦街环市东路128号,0,0,暂无资料,14399,,↓3.00%,"""门址""",113.6101781,23.53195643,113.6166889,23.53796199
丰盈雅居,从化,太平,太平镇高技术产业园社区丰盈路4号,0,0,1993,9958,,↓1.77%,"""地产小区""",113.4979882,23.44769287,113.5044714,23.4538336
凤仪东路商铺,从化,街口中心区,从化街口凤仪东路,0,0,暂无资料,,,,"""村庄""",113.5933206,23.54583077,113.5998939,23.55157353
府前路商铺,从化,街口中心区,从化区府前路,0,0,暂无资料,,,,"""道路""",113.5944945,23.54845192,113.6010653,23.5542087
丰盈路商铺,从化,太平,从化太平开发区丰盈路,0,0,暂无资料,,,,"""道路""",113.5029891,23.44721023,113.509457,23.45342688
福从路商铺,从化,太平,从化太平开发区福从路,0,0,暂无资料,,,,"""道路""",113.5130156,23.45315507,113.5194568,23.45947451
凤仪西路商铺,从化,街口中心区,从化凤仪西路,0,0,暂无资料,,,,"""地产小区""",113.589275,23.5471311,113.5958568,23.55283375
富顿中心,从化,街口中心区,从化街口街建设路49号,0,0,2004,,,,"""商务大厦""",113.5959579,23.55009219,113.6025248,23.55586766
富城路商铺,从化,街口中心区,富城路,0,0,暂无资料,,,,"""地产小区""",113.5826231,23.56363533,113.5892079,23.56930086
凤仪路商铺,从化,街口中心区,凤仪东路72号,0,0,暂无资料,,,,"""村庄""",113.5933206,23.54583077,113.5998939,23.55157353
方圆泉溪月岛,从化,温泉,温泉东路,0,0,暂无资料,18600,↑0.00%,,"""地产小区""",113.6662451,23.66387989,113.6727499,23.66995037
关围新村,从化,街口中心区,新城西路102号,0,0,2000,8731,↑4.36%,,"""地产小区""",113.5858975,23.56013276,113.5924817,23.56581162
广东动漫城,从化,太平,太平镇元洲岗村广从北路北侧,0,0,2013,5368,↑5.06%,,"""工业园区""",113.554344,23.50206836,113.560844,23.50798827
广场路商铺,从化,街口中心区,从化市街口街广场路,0,0,暂无资料,,,,"""道路""",113.5925457,23.54421297,113.5991203,23.54994699
光导纤维厂宿舍,从化,街口中心区,从化市河东北路47号,0,0,1990,12229,,↓2.00%,"""NoClass""",113.6129714,23.55305786,113.6194798,23.55911469
广场路小区,从化,街口中心区,街口镇广场路,0,0,2000,10331,,↓3.00%,"""地产小区""",113.5924147,23.54445441,113.5989897,23.55018701
广州医科大学卫生职业技术学院宿舍,从化,街口中心区,从化市大江路18号,0,0,暂无资料,11715,↑1.00%,,"""教育""",113.6125111,23.55064122,113.6190214,23.55668996
广从路小区,从化,太平,从化太平镇广从路,0,0,1995,7778,↑0.01%,,"""道路""",113.5093466,23.47651432,113.515772,23.48280015
广州市烈军属疗养院宿舍,从化,温泉,从化良口镇塘料村134号,0,0,暂无资料,,,,"""地产小区""",113.7093413,23.69913201,113.7159049,23.70483106
冠中汇创意园,从化,街口中心区,河东南路71号,0,0,暂无资料,,,,"""NoClass""",113.6035294,23.54390942,113.6100715,23.54980001
宏诚海岸,从化,街口中心区,从化市河滨北路388号,0,0,2008,15142,↑0.01%,,"""地产小区""",113.608906,23.55760004,113.6154281,23.56358427
宏润巴塞阳光,从化,街口中心区,向阳路22号,0,0,2008,11583,↑0.76%,,"""地产小区""",113.6007545,23.5576098,113.6073055,23.56345494
华辉度假村,从化,温泉,温泉大道云星路39号,0,0,2008,13943,↑0.00%,,"""休闲娱乐""",113.6405325,23.62752666,113.6469497,23.63386497
河滨花园,从化,街口中心区,城郊街河滨北路92号,0,0,2006,8858,↑2.05%,,"""地产小区""",113.6004853,23.55691623,113.6070374,23.56275718
汇景名轩,从化,街口中心区,河滨南路35号,0,0,2000,9966,,↓2.78%,"""地产小区""",113.5983494,23.5479217,113.6049094,23.5537305
河滨北路小区,从化,街口中心区,街口镇河滨北路,0,0,2005,8725,,↓3.00%,"""道路""",113.6141731,23.56277359,113.6206731,23.56885066
汇绿名居,从化,街口中心区,街口中田西路36号,0,0,2000,12413,↑0.00%,,"""地产小区""",113.5895517,23.5491988,113.5961332,23.55490383
宏城海岸,从化,街口中心区,街口镇河滨北路305号,0,0,2008,15831,↑2.00%,,"""门址""",113.5996235,23.55517402,113.6061789,23.56100175
海景居,从化,街口中心区,从化市河滨北路,0,0,2007,12111,↑3.00%,,"""地产小区""",113.606837,23.55746704,113.6133667,23.56341461
华兴花园(从化),从化,街口中心区,街口镇青云路72号,0,0,2000,11242,↑5.45%,,"""购物""",113.5920439,23.55018163,113.5986206,23.55591046
宏业楼,从化,街口中心区,盛华路4号河滨花园B区,0,0,2011,11897,,↓11.83%,"""地产小区""",113.6042409,23.55827913,113.6107796,23.56418159
河东龙井新村,从化,街口中心区,河东龙井新村,0,0,1992,9981,↑0.59%,,"""地产小区""",113.60602,23.55144811,113.6125541,23.55738165
汇贤居,从化,街口中心区,街口街道青云社区下围西路23号,0,0,2013,12468,↑3.00%,,"""地产小区""",113.5891045,23.54614408,113.5956865,23.55184529
翰林国际,从化,街口中心区,从化街口新村北路52至56号,0,0,2013,9359,,↓0.26%,"""地产小区""",113.590156,23.56008614,113.5967338,23.56579593
宏兴大厦,从化,街口中心区,从化江埔街茂城路富华街,0,0,1996,15249,,↓3.00%,"""地产小区""",113.5930041,23.54590895,113.5995781,23.55164813
河东北路小区,从化,街口中心区,街口镇河东北路116号,0,0,2002,7669,,↓2.72%,"""地产小区""",113.608691,23.55261106,113.6152152,23.55859174
红荔新村,从化,街口中心区,江埔街道河东南社区河东南路21号,0,0,2011,7896,↑0.00%,,"""地产小区""",113.6022115,23.54815078,113.608759,23.55401966
河滨南路小区,从化,街口中心区,街口镇河滨南路,0,0,2000,12807,,↓2.00%,"""地产小区""",113.5970099,23.55445368,113.6035734,23.5602433
河东南路小区,从化,街口中心区,街口镇河东南路,0,0,2000,8714,↑3.39%,,"""道路""",113.6037173,23.54383612,113.6102587,23.54972987
河东中路小区,从化,街口中心区,街口镇河东中路,0,0,2000,8727,↑1.00%,,"""楼号""",113.6051806,23.55235498,113.6117177,23.55827392
宏润花园,从化,街口中心区,建设路223号,0,0,2000,13204,,↓0.38%,"""地产小区""",113.5959951,23.54628165,113.6025615,23.55205754
环城路小区,从化,街口中心区,街口镇环城路,0,0,2010,9245,↑0.00%,,"""道路""",113.6139383,23.13868706,113.6204064,23.14475326
华强大厦,从化,街口中心区,府前路188号,0,0,2000,11050,↑3.00%,,"""商务大厦""",113.5948369,23.54667357,113.6014065,23.55243455
汉中・紫薇苑,从化,街口中心区,江埔街河东南路56号,0,0,2016,13434,,↓3.27%,"""地产小区""",113.6033614,23.54256162,113.6099036,23.54844928
河滨北路商铺,从化,街口中心区,从化区河滨北路,0,0,暂无资料,,,,"""道路""",113.6141731,23.56277359,113.6206731,23.56885066
河滨南路商铺,从化,街口中心区,街口镇河滨南路,0,0,暂无资料,,,,"""道路""",113.5978739,23.54522061,113.6044348,23.55102241
河东龙井新村商铺,从化,街口中心区,河东龙井新村,0,0,暂无资料,,,,"""地产小区""",113.60602,23.55144811,113.6125541,23.55738165
河滨花园商铺,从化,街口中心区,从化区河滨北路,0,0,暂无资料,,,,"""地产小区""",113.6004853,23.55691623,113.6070374,23.56275718
海洋广场,从化,街口中心区,河东南路426号,0,0,2000,8758,,↓8.07%,"""休闲娱乐""",113.607913,23.53506201,113.6144346,23.54102771
河滨苑商铺,从化,街口中心区,从化区河滨公园6号,0,0,暂无资料,,,,"""地产小区""",113.598118,23.55337299,113.6046785,23.55917838
河滨苑,从化,街口中心区,从化河滨公园6号,0,0,暂无资料,11111,↑2.00%,,"""地产小区""",113.598118,23.55337299,113.6046785,23.55917838
花园中路小区,从化,街口中心区,从化区花园中路,0,0,暂无资料,6700,↑0.00%,,"""道路""",113.4912986,23.4377612,113.4978119,23.44378805
河东南路商铺,从化,街口中心区,从化市街口镇河东南路,0,0,暂无资料,,,,"""道路""",113.6037173,23.54383612,113.6102587,23.54972987
宏润巴塞阳光商铺,从化,街口中心区,街口镇向阳路,0,0,暂无资料,,,,"""地产小区""",113.6007545,23.5576098,113.6073055,23.56345494
河滨公园,从化,街口中心区,街口街道东成社区河滨北路68号,0,0,暂无资料,10149,↑2.00%,,"""旅游景点""",113.5988583,23.55392889,113.6054164,23.55974514
合家和府,从化,街口中心区,广州市从化区城郊街城新路136号,0,0,2021,13010,↑0.00%,,"""门址""",113.5900989,23.56210181,113.5966757,23.56781086
居礼润园别墅,从化,温泉,从化市温泉镇,0,0,2009,,,,"""地产小区""",113.6612351,23.6470356,113.6677107,23.65318812
居礼润园,从化,温泉,温泉镇环湖路8号,0,0,2008,11305,,↓0.24%,"""地产小区""",113.6612351,23.6470356,113.6677107,23.65318812
建设路小区(从化),从化,街口中心区,从化街口建设路,0,0,1993,10487,↑0.00%,,"""地产小区""",113.5960345,23.54893493,113.6026012,23.55471141
家和苑,从化,街口中心区,望岗乐寿南街61-5号,0,0,2008,11705,,↓0.23%,"""地产小区""",113.2830416,23.24399424,113.2894541,23.25032597
骏雅名庭,从化,街口中心区,广场路102号,0,0,2005,9436,↑0.01%,,"""地产小区""",113.5929348,23.5449497,113.5995087,23.55068806
教育路小区(从化),从化,街口中心区,教育路(从化第一幼儿园对面),0,0,2004,8220,,↓0.69%,"""购物""",113.5920439,23.55018163,113.5986206,23.55591046
金裕街小区,从化,街口中心区,河滨北路金裕街,0,0,2003,12265,↑1.00%,,"""道路""",113.6141731,23.56277359,113.6206731,23.56885066
建云东小区,从化,街口中心区,建设路107号,0,0,2000,7391,,↓2.23%,"""地产小区""",113.5953975,23.54813082,113.6019659,23.55389896
建云西路小区,从化,街口中心区,街口镇建云西路,0,0,2000,10050,,↓2.12%,"""地产小区""",113.5904277,23.5485851,113.5970076,23.55429792
景业荔都,从化,温泉,区温泉镇宣星运动谷,0,0,2016,7942,↑0.66%,,"""地产小区""",113.6489057,23.6118653,113.6553229,23.6181658
聚和苑,从化,街口中心区,白山东路28号,0,0,暂无资料,9024,↑1.72%,,"""地产小区""",113.335208,23.20500804,113.3417893,23.21068152
骏雅名庭商铺,从化,街口中心区,从化区街口广场108号,0,0,暂无资料,,,,"""地产小区""",113.5929348,23.5449497,113.5995087,23.55068806
建云东路商铺,从化,街口中心区,从化建云东路,0,0,暂无资料,,,,"""道路""",113.5936731,23.54866303,113.600246,23.55440997
江埔街小区,从化,街口中心区,从化江埔街,0,0,暂无资料,17130,,↓2.00%,"""地产小区""",113.5988187,23.54245378,113.6053758,23.54826921
江埔街商铺,从化,街口中心区,从化江埔街,0,0,暂无资料,,,,"""地产小区""",113.5988187,23.54245378,113.6053758,23.54826921
街口街小区,从化,街口中心区,从化街口街,0,0,2008,11825,,↓3.00%,"""地产小区""",113.5988187,23.54245378,113.6053758,23.54826921
景业珑泉湾,从化,温泉,御泉大道288号,0,0,2017,24542,,↓4.30%,"""地产小区""",113.715879,23.69298804,113.7224339,23.69875963
嘉东广场(商用),从化,街口中心区,从城大道旁(大广高速城郊出口右转600米),0,0,2018,,,,"""地产小区""",113.574029,23.56090111,113.5806127,23.56658032
嘉骏幸福里,从化,街口中心区,安园街43号,0,0,暂无资料,14083,↑2.06%,,"""地产小区""",113.580706,23.55857204,113.5872943,23.56423519
吉祥路(从化),从化,街口中心区,从化吉祥路,0,0,暂无资料,,,,"""乡镇""",113.558247,23.61774459,113.5647587,23.62359827
开源路小区,从化,街口中心区,青云路37号,0,0,1996,8200,,↓2.75%,"""地产小区""",113.5885309,23.55720004,113.5951128,23.56289648
开源路商铺,从化,街口中心区,从化区开源路,0,0,暂无资料,,,,"""道路""",113.5939689,23.55239498,113.6005409,23.55814539
康乐西路小区,从化,太平,从化区康乐西路,0,0,1997,11645,↑0.00%,,"""道路""",113.4883628,23.43975776,113.4948859,23.44573214
流溪河山庄,从化,太平,从化市神岗镇,0,0,1998,7480,,↓0.02%,"""地产小区""",113.5634618,23.52168803,113.5700093,23.52746764
利泰花林湖畔,从化,街口中心区,鳌头镇明珠大道,0,0,2012,7712,,↓0.76%,"""地产小区""",113.5317359,23.60995275,113.5381585,23.61622697
蓝田东路小区,从化,街口中心区,蓝田东路(山城酒家附近),0,0,2000,14081,,↓1.00%,"""道路""",113.5938618,23.55135685,113.6004342,23.557106
荔香村,从化,街口中心区,西宁横街12号,0,0,1996,8087,↑0.00%,,"""地产小区""",113.5942723,23.554241,113.6008432,23.55999499
荔枝花园(从化),从化,街口中心区,街口青云路365号,0,0,2003,10585,↑1.00%,,"""购物""",113.5920439,23.55018163,113.5986206,23.55591046
林业局宿舍(从化),从化,街口中心区,街口镇河东北路20号,0,0,2000,11174,,↓3.00%,"""NoClass""",113.603159,23.55278928,113.6097032,23.55867382
流溪河林场,从化,温泉,从化流溪河林场,0,0,暂无资料,,,,"""乡镇""",113.7914167,23.74976615,113.7979119,23.75573877
流溪大厦,从化,街口中心区,广州从化区门口岗城内路,0,0,暂无资料,13309,↑2.00%,,"""商务大厦""",113.5896292,23.5533676,113.5962104,23.55907323
蓝田东路商铺,从化,街口中心区,从化街口中心区蓝田东路,0,0,暂无资料,,,,"""NoClass""",113.5903488,23.55336984,113.5969286,23.55908188
流溪小学教师宿舍,从化,街口中心区,从化区街口街城来路,0,0,暂无资料,14061,,↓1.00%,"""教育""",113.5896158,23.55309745,113.596197,23.55880298
荔枝花园别墅,从化,街口中心区,街口青云路,0,0,暂无资料,18306,↑2.00%,,"""地产小区""",113.5883109,23.54227645,113.594893,23.54797118
龙裕花园,从化,街口中心区,从化区镇北路172号,0,0,暂无资料,10710,,↓3.00%,"""地产小区""",113.601098,23.56063701,113.6076464,23.5664873
岭南首府商铺,从化,街口中心区,从化区城郊街从化大道,0,0,暂无资料,,,,"""地产小区""",113.6065807,23.55812708,113.6131111,23.56407008
i仔新村,从化,街口中心区,河东北路20号,0,0,暂无资料,11585,,↓3.00%,"""NoClass""",113.6040595,23.55373855,113.6106003,23.55963822
朗晴轩,从化,街口中心区,从化区街口镇新城中路,0,0,暂无资料,11541,,↓1.00%,"""道路""",113.5904626,23.55633875,113.5970414,23.56205169
吕中村小区,从化,温泉,从化中新北路吕中村,0,0,暂无资料,,,,"""地产小区""",113.9606927,23.81667437,113.9672296,23.82251499
蓝田西路商铺,从化,街口中心区,从化蓝田西路,0,0,暂无资料,,,,"""地产小区""",113.5899951,23.5513108,113.5965758,23.55701969
龙新直街小区,从化,街口中心区,从化街口街龙新直街,0,0,1990,16082,↑1.00%,,"""道路""",113.6002797,23.55856641,113.6068318,23.56440401
利泰花林湖畔商铺,从化,街口中心区,鳌头镇明珠大道,0,0,暂无资料,,,,"""地产小区""",113.5317359,23.60995275,113.5381585,23.61622697
荔香村商铺,从化,街口中心区,街口街新城东路荔香村3幢104铺,0,0,暂无资料,,,,"""地产小区""",113.5942723,23.554241,113.6008432,23.55999499
明辉楼,从化,街口中心区,从化市街口街朝阳街,0,0,2011,12304,↑0.00%,,"""地产小区""",113.5956574,23.55476954,113.6022246,23.56054094
蜜糖苑,从化,街口中心区,旺城大道28号,0,0,2012,12827,,↓7.27%,"""地产小区""",113.5810012,23.56073242,113.5875883,23.56639558
美景家园,从化,街口中心区,从化市街口美景家园,0,0,2005,12484,↑2.00%,,"""地产小区""",113.5900732,23.55750489,113.5966524,23.56321418
蜜糖苑商铺,从化,街口中心区,从化市城郊街旺城大道28号,0,0,暂无资料,,,,"""地产小区""",113.5810012,23.56073242,113.5875883,23.56639558
明月街小区,从化,温泉,从化温泉镇明月街,0,0,暂无资料,10654,,↓3.00%,"""地产小区""",113.6400848,23.63342577,113.6465073,23.63976531
奶茶咖啡二期,从化,街口中心区,沿江南路67~68号,0,0,2013,12347,↑0.00%,,"""餐饮""",113.6021477,23.54652913,113.6086952,23.55239691
侨宏花园,从化,温泉,广州市从化温泉风景别墅区,0,0,2008,7249,↑0.20%,,"""地产小区""",113.6455122,23.64409094,113.6519483,23.65041864
青云花园,从化,街口中心区,青云路43号,0,0,2000,8290,↑2.46%,,"""地产小区""",113.5912292,23.55178221,113.5978075,23.5575027
七星市场社区,从化,街口中心区,河东区七星路,0,0,2000,11029,,↓3.00%,"""地产小区""",113.6078082,23.54409777,113.614335,23.5500626
七星路小区,从化,街口中心区,街口镇河东区七星路,0,0,2005,8883,↑1.00%,,"""地产小区""",113.3649517,23.48474898,113.3714512,23.49065622
乔安楼,从化,街口中心区,街口建设路222号,0,0,2000,17358,↑2.00%,,"""地产小区""",113.5968809,23.54644133,113.6034449,23.55222921
棋杆社区,从化,街口中心区,从化鳌头镇棋杆下街,0,0,暂无资料,,,,"""村庄""",113.5115775,23.58657237,113.5180069,23.59287895
七星西路商铺,从化,街口中心区,七星西路,0,0,暂无资料,,,,"""道路""",113.6024061,23.54716595,113.6089528,23.55303799
前进中路小区,从化,鳌头,从化市鳌头镇前进中路,0,0,暂无资料,8901,,↓2.00%,"""道路""",113.4283183,23.62726725,113.4348,23.63329465
棋杆镇钻石大道,从化,街口中心区,从化棋杆镇钻石大道,0,0,暂无资料,,,,"""道路""",113.5114913,23.5853016,113.5179221,23.59160778
仟信广场,从化,街口中心区,河滨北路(新儿童公园旁),0,0,2021,14119,↑3.00%,,"""休闲娱乐""",113.614111,23.56727799,113.620608,23.57335331
上城湾畔商铺,从化,街口中心区,从化街口流溪河畔市六中东侧,0,0,暂无资料,,,,"""地产小区""",113.5949205,23.53427578,113.6014839,23.54003657
上城湾畔别墅,从化,街口中心区,从化市街口镇流溪河畔,0,0,2010,19233,↑0.00%,,"""宾馆""",113.6600689,23.64967374,113.6665431,23.65584514
时代名苑,从化,街口中心区,新村北路219号,0,0,2000,11706,,↓1.95%,"""地产小区""",113.5909434,23.56225976,113.5975185,23.56797667
神岗小区,从化,鳌头,神岗镇银林村,0,0,2000,,,,"""地产小区""",113.4845356,23.50899309,113.4910449,23.5148948
盛景南路小区,从化,街口中心区,街口街盛景南路,0,0,2000,14731,↑0.00%,,"""地产小区""",113.6033775,23.55732203,113.6099197,23.56320997
上横南小区,从化,街口中心区,街口镇旺城上横南路,0,0,暂无资料,8982,↑0.01%,,"""村庄""",113.0720675,23.33135281,113.0785837,23.33731793
上雅君庭,从化,太平,太平镇高技术产业园社区工业大道5号,0,0,2015,12570,,↓2.00%,"""地产小区""",113.4990979,23.45258641,113.505573,23.45874408
水木康桥小区,从化,温泉,温泉镇碧泉路49号,0,0,暂无资料,7441,↑0.01%,,"""地产小区""",113.6622579,23.65215907,113.6687416,23.65829596
盛会・青云府,从化,街口中心区,沿江南路177号,0,0,2017,19225,↑0.04%,,"""地产小区""",113.5971325,23.54119823,113.6036941,23.54698924
上横北路小区,从化,街口中心区,上横北路,0,0,暂无资料,10664,,↓1.00%,"""道路""",113.5803856,23.5634543,113.5869712,23.56911672
上横北路商铺,从化,街口中心区,从化旺城上横北路,0,0,暂无资料,,,,"""购物""",113.5789388,23.56362746,113.5855242,23.56929032
商贸城南区商铺,从化,街口中心区,环市东路江浦街,0,0,暂无资料,,,,"""地产小区""",113.61031,23.53433998,113.6168222,23.54034828
商贸城北区商铺,从化,街口中心区,从化街口河东南路129号,0,0,暂无资料,,,,"""地产小区""",113.6084658,23.53587324,113.6149859,23.54184889
尚景路商铺,从化,街口中心区,从化区尚景路,0,0,暂无资料,,,,"""道路""",113.599594,23.53886144,113.606147,23.54468819
舒雅小区,从化,太平,从化市太平镇开发区回归路二巷,0,0,2009,11294,↑1.00%,,"""乡镇""",113.4881694,23.43717943,113.4946943,23.44315061
生态设计小镇,从化,温泉,共青路1号,0,0,2018,10592,↑0.00%,,"""NoClass""",113.7355393,23.70626477,113.7420126,23.71236104
太平回归路小区,从化,太平,回归路10号,0,0,2000,8223,↑13.24%,,"""地产小区""",113.499173,23.44681006,113.505653,23.45296996
塘圈路小区,从化,街口中心区,塘圈路3号,0,0,2000,9966,↑0.00%,,"""地产小区""",113.5827898,23.56223613,113.5893754,23.56790227
太平花园,从化,太平,康乐东路38号,0,0,1993,7611,,↓2.70%,"""地产小区""",113.49115,23.43665713,113.4976641,23.44268142
太平村东成队商铺,从化,太平,从化太平镇太平村东成队,0,0,暂无资料,,,,"""村庄""",113.4912057,23.43919916,113.4977186,23.44522423
太平花园商铺,从化,太平,从化太平镇花园路,0,0,1996,,,,"""地产小区""",113.49115,23.43665713,113.4976641,23.44268142
太平东路小区,从化,太平,太平镇太平东路,0,0,2009,7585,,↓2.74%,"""商圈""",113.4947774,23.44390462,113.5012746,23.44999193
温馨家园,从化,街口中心区,广场路123号,0,0,2005,12740,↑5.43%,,"""地产小区""",113.5937083,23.54348926,113.60028,23.54923638
万宝宿舍,从化,街口中心区,泉塘路12号,0,0,2006,10744,↑2.00%,,"""NoClass""",113.2800922,23.08510218,113.2865367,23.09144483
望谷美庐,从化,温泉,温泉西路8号,0,0,2013,10233,,↓2.00%,"""宾馆""",113.64718,23.63547713,113.6536094,23.64179331
旺城大道小区,从化,街口中心区,城郊街旺城大道38号,0,0,暂无资料,14747,,↓3.00%,"""门址""",113.5808863,23.56130788,113.5874731,23.56697088
旺城北路小区,从化,街口中心区,旺城大道与旺城北路交界处,0,0,2009,9470,↑0.00%,,"""道路""",113.5793878,23.56365528,113.5859733,23.56931779
旺城广场,从化,街口中心区,旺城南路1巷,0,0,2000,12507,↑3.00%,,"""地产小区""",113.5781863,23.56162141,113.5847728,23.56728555
旺城南路小区,从化,街口中心区,旺城大道旺城南路四巷,0,0,2000,11488,↑0.00%,,"""地产小区""",113.5777054,23.5607643,113.5842921,23.56642946
伟华花园,从化,街口中心区,福城路与糖圈路交界处,0,0,2005,12713,,↓2.00%,"""地产小区""",113.581925,23.56363201,113.5885101,23.56929607
旺城雅荷居,从化,街口中心区,旺城区旺城大道,0,0,2008,9110,,↓1.00%,"""地产小区""",113.576927,23.56157545,113.5835129,23.56724246
旺城小区商铺,从化,街口中心区,从化区城郊街景城东路,0,0,暂无资料,,,,"""地产小区""",113.5781863,23.56162141,113.5847728,23.56728555
旺城大道商铺,从化,街口中心区,从化旺城大道,0,0,暂无资料,,,,"""地产小区""",113.5719866,23.5646915,113.5785652,23.57038326
温泉东路小区,从化,温泉,从化温泉东路,0,0,1990,6825,↑2.00%,,"""道路""",113.6601242,23.65574802,113.6666035,23.66191958
万兴加勒比城,从化,鳌头,从化区鳌头镇城鳌大道东,0,0,暂无资料,,,,"""道路""",113.452943,23.6063865,113.4594898,23.61206511
旺城广场商铺,从化,街口中心区,旺城南路1巷,1,0,暂无资料,,,,"""地产小区""",113.5781863,23.56162141,113.5847728,23.56728555
温泉西路二巷13号,从化,温泉,温泉镇广州从化大自然别墅,0,0,暂无资料,,,,"""门址""",113.6506234,23.64627753,113.6570695,23.6525684
万隆创意园,从化,街口中心区,广州市从化区环市东路140号,1,0,2019,,,,"""商务大厦""",113.6116125,23.53310563,113.6181189,23.53913695
旺城下横南路,从化,街口中心区,旺城下横南路30号,0,0,暂无资料,,,,"""门址""",113.5796939,23.56020434,113.5862815,23.56586715
星河绿洲,从化,街口中心区,上游路2号,0,0,2006,10904,,↓2.05%,"""NoClass""",113.6128729,23.55429135,113.6193814,23.56034639
新城花园,从化,街口中心区,从化区凤仪路,0,0,2000,9775,,↓2.00%,"""地产小区""",113.5922878,23.54703931,113.5988637,23.55277068
兴业海逸半岛花园,从化,街口中心区,江埔街环市东路216号,0,0,2007,10540,↑2.00%,,"""地产小区""",113.5939322,23.55218719,113.6005043,23.55793717
新创展大厦,从化,街口中心区,石夏路1号,0,0,2005,10939,↑2.00%,,"""商务大厦""",113.2571975,23.21626171,113.2636757,23.22238752
晓逸轩,从化,街口中心区,中田西路72号,0,0,2000,11502,↑1.00%,,"""地产小区""",113.5889663,23.54933653,113.5955488,23.55503669
新境界豪庭,从化,街口中心区,东成路68号新世纪广场F2广百百货F1,0,0,2003,9120,,↓0.17%,"""生活服务""",113.5955384,23.55320288,113.6021062,23.5589728
夏日南湾,从化,街口中心区,从化市江埔街沿江南路以东,0,0,2012,14954,↑0.00%,,"""地产小区""",113.5996053,23.54362799,113.6061604,23.54945536
兴业海逸半岛别墅,从化,街口中心区,从化市江埔街环市东路,0,0,2009,,,,"""地产小区""",113.6189587,23.5625938,113.6254422,23.5687511
欣荣宏国际商贸城,从化,街口中心区,从城大道111号,0,0,2014,17320,,↓0.11%,"""NoClass""",113.5974951,23.53768644,113.6040538,23.54348216
幸福家园(从化),从化,街口中心区,街口镇城郊街旺城开发区上横岭,0,0,2008,10144,,↓9.65%,"""道路""",113.5022827,22.81654298,113.5087566,22.82275018
欣荣宏国际商贸城写字楼,从化,街口中心区,江埔街355省道与从化大道交汇处,0,0,2017,,,,"""NoClass""",113.5974951,23.53768644,113.6040538,23.54348216
新村路小区,从化,街口中心区,街口镇新村路(近河东北路),0,0,1997,8329,,↓1.07%,"""地产小区""",113.6072769,23.55226902,113.6138064,23.55822462
新时代家园,从化,街口中心区,街口街新城中路86号,0,0,2014,10691,,↓7.50%,"""地产小区""",113.5889106,23.55634695,113.5954922,23.56204645
星汇峰国际商业街,从化,太平,从化太平经济开发区,0,0,暂无资料,,,,"""道路""",113.6035622,23.54748923,113.610105,23.55338054
欣荣宏国际商贸城商铺,从化,街口中心区,从化江埔街355省道与从化大道交汇,0,0,暂无资料,,,,"""NoClass""",113.5974951,23.53768644,113.6040538,23.54348216
向阳南路小区,从化,街口中心区,向阳南路与河滨北路交汇,0,0,2000,12854,↑2.00%,,"""道路""",113.6141731,23.56277359,113.6206731,23.56885066
新城东路小区,从化,街口中心区,新城东路与河滨南路交汇,0,0,2002,17142,↑0.89%,,"""地产小区""",113.595787,23.55309107,113.6023542,23.55886424
新城市场社区,从化,街口中心区,街口镇中田东路,0,0,2000,15817,↑0.00%,,"""地产小区""",113.5951029,23.55199654,113.601672,23.55776091
新城西路小区(从化),从化,鳌头,街口镇新城西路,0,0,2000,8358,,↓1.79%,"""购物""",113.5920439,23.55018163,113.5986206,23.55591046
新城中路小区,从化,街口中心区,街口镇新城中路,0,0,2000,9161,,↓1.05%,"""道路""",113.5953235,23.18595794,113.601891,23.19172499
新村北路小区,从化,街口中心区,街口镇新村北路,0,0,2000,8387,↑0.01%,,"""地产小区""",113.600948,23.55918702,113.6074977,23.56503508
西宁横街小区,从化,街口中心区,西宁横街4244号,0,0,2010,13722,↑3.00%,,"""地产小区""",113.594267,23.55589608,113.6008375,23.56164991
西宁中路小区,从化,街口中心区,街口街西宁中路,0,0,2010,9121,,↓2.65%,"""地产小区""",113.5949965,23.55606262,113.6015651,23.56182547
西宁西路小区,从化,街口中心区,新城西路64号,0,0,1999,7500,,↓3.56%,"""地产小区""",113.5910819,23.5562773,113.5976595,23.56199615
新村西路小区,从化,街口中心区,新城西路64号,0,0,2000,6853,,↓2.00%,"""地产小区""",113.5910819,23.5562773,113.5976595,23.56199615
西宁东路小区,从化,街口中心区,街口街西宁东路,0,0,1998,14501,↑3.00%,,"""道路""",113.6200103,23.11303163,113.6264632,23.1191997
欣荣宏御泉湾,从化,温泉,温泉镇冲口路南侧,0,0,2018,10902,,↓2.00%,"""地产小区""",113.652275,23.63469805,113.6587128,23.64096986
小城大院,从化,街口中心区,城郊街塘圈路60号,0,0,2016,14713,↑0.00%,,"""地产小区""",113.5832079,23.56383606,113.5897922,23.56950315
新世纪广场商铺,从化,街口中心区,街口街东成路68号,0,0,暂无资料,,,,"""购物""",113.595587,23.55344785,113.6021547,23.5592184
星河绿洲商铺,从化,街口中心区,河东北路105号,0,0,暂无资料,,,,"""NoClass""",113.6128729,23.55429135,113.6193814,23.56034639
新村北路商铺,从化,街口中心区,从化区新村北路,0,0,暂无资料,,,,"""地产小区""",113.5917273,23.55960052,113.5983022,23.56532555
兴丰苑,从化,街口中心区,旺城北路六巷27号,0,0,2015,9195,,↓5.89%,"""地产小区""",113.5799625,23.56384716,113.5865478,23.56950946
新城东路商铺,从化,街口中心区,新城东路与河滨南路交汇,0,0,暂无资料,,,,"""道路""",113.5978739,23.54522061,113.6044348,23.55102241
新村路商铺,从化,街口中心区,从化区街口镇新村路,0,0,暂无资料,,,,"""道路""",113.5917215,23.55636774,113.5982978,23.56209299
向阳大道小区,从化,街口中心区,从化区向阳大道,0,0,暂无资料,11472,↑0.00%,,"""地产小区""",113.5977026,23.55667052,113.6042634,23.56246975
新城中路商铺,从化,街口中心区,从化区新城中路,0,0,暂无资料,,,,"""道路""",113.5904626,23.55633875,113.5970414,23.56205169
墟镇中路商铺,从化,鳌头,从化市牛头镇棋杆墟镇中路,0,0,暂无资料,,,,"""乡镇""",113.4960108,23.58700109,113.5024819,23.59310503
新平路小区,从化,太平,太平镇新平路小区801号,0,0,暂无资料,9116,,↓4.88%,"""地产小区""",113.4880278,23.43736039,113.4945532,23.44332905
西宁中路商铺,从化,街口中心区,从化西宁中路,0,0,暂无资料,,,,"""道路""",113.5948828,23.55631325,113.6014516,23.56207464
向阳大道商铺,从化,街口中心区,向阳大道夜街,0,0,暂无资料,,,,"""道路""",113.601811,23.56145595,113.6083566,23.56731762
夏日港湾商铺,从化,街口中心区,从化河东沿江南路,0,0,暂无资料,,,,"""地产小区""",113.6016357,23.54512321,113.6081846,23.5509826
香槟小苑,从化,鳌头,前进东路前进东一巷49号,0,0,2010,6426,↑0.00%,,"""地产小区""",113.4359947,23.62588124,113.4425034,23.63177343
幸福园,从化,鳌头,鳌头镇高平村G106国道地段,0,0,2019,5000,,↓5.36%,"""地产小区""",113.4211933,23.71173992,113.4276504,23.71788896
下围西一巷,从化,街口中心区,下围西一巷,0,0,暂无资料,10096,↑0.00%,,"""道路""",113.3242394,23.2960598,113.3308014,23.30183217
兴华大厦(从化),从化,街口中心区,河滨南路37号,0,0,暂无资料,,,,"""购物""",113.5920439,23.55018163,113.5986206,23.55591046
雍晟时代明苑,从化,街口中心区,城郊街从化大道31号,0,0,2007,15741,↑3.00%,,"""门址""",113.6064342,23.5582518,113.6129651,23.56419222
源泉别墅,从化,温泉,区从化温泉镇居礼润园2号,0,0,2007,,,,"""地产小区""",113.6607683,23.6463876,113.6672417,23.65254741
雍晟岭南首府,从化,街口中心区,城郊街从化大道31号,0,0,2007,11603,,↓0.87%,"""地产小区""",113.6065807,23.55812708,113.6131111,23.56407008
永乐花园,从化,街口中心区,宝城路58号,0,0,2007,9892,↑3.00%,,"""地产小区""",113.580572,23.56310906,113.5871578,23.56877161
逸景雅轩,从化,街口中心区,向阳南路7号,0,0,2010,11793,,↓1.21%,"""地产小区""",113.6012986,23.55858256,113.6078474,23.56443626
怡富花园,从化,街口中心区,城内路1巷5号,0,0,2003,12509,↑2.00%,,"""地产小区""",113.5892632,23.55402245,113.5958449,23.55972495
盈兴名苑,从化,街口中心区,镇北路37号,0,0,2005,12684,↑2.00%,,"""地产小区""",113.5984829,23.55824451,113.6050408,23.56405492
雍禾苑康帕利小镇,从化,街口中心区,城峰路49号,0,0,2012,18839,,↓1.00%,"""地产小区""",113.5861363,23.54346267,113.5927218,23.54914317
永丰楼,从化,街口中心区,江埔街大江路16号之四,0,0,2011,8044,,↓3.00%,"""门址""",113.6121557,23.54986344,113.6186673,23.55590588
亿城泉说,从化,温泉,从化温泉镇悦泉路,0,0,2012,25972,,↓0.97%,"""地产小区""",113.635611,23.63299314,113.6420349,23.63932362
沿江路小区(从化),从化,街口中心区,街口镇沿江路(近街口大桥),0,0,2000,14784,,↓2.00%,"""地产小区""",113.6013199,23.54939699,113.6078705,23.55525144
雍禾苑,从化,街口中心区,街口街道荔苑社区城峰路55号,0,0,2012,16156,↑1.42%,,"""地产小区""",113.585359,23.54317717,113.5919452,23.54885355
怡富绿色家园,从化,街口中心区,城内路148号,0,0,2005,10283,↑6.25%,,"""地产小区""",113.5880082,23.55256642,113.5945922,23.5582592
雍景苑(从化),从化,街口中心区,街口镇河滨北路,0,0,2000,7591,,↓1.00%,"""地产小区""",113.6059909,23.55772758,113.6125236,23.56366029
云城北路小区,从化,街口中心区,街口镇旺城云城北路,0,0,暂无资料,9098,,↓2.00%,"""地产小区""",113.5781863,23.56162141,113.5847728,23.56728555
云城南路小区,从化,街口中心区,街口镇旺城云城南路,0,0,2000,8966,↑0.00%,,"""地产小区""",113.5781863,23.56162141,113.5847728,23.56728555
云星・钱隆公馆,从化,街口中心区,从城大道风云岭森林公园对面,0,0,2015,10691,↑2.00%,,"""地产小区""",113.5768087,23.55730671,113.5833965,23.56297449
雍晟・岭南雅苑,从化,街口中心区,大江路13号,0,0,2016,,,,"""地产小区""",113.6084626,23.55027588,113.6149879,23.55625253
雅居乐小院流溪别墅,从化,太平,从化街口街沙贝村地段,0,0,2015,17662,,↓1.00%,"""地产小区""",113.571793,23.5200706,113.5783572,23.52576088
宇泰花园,从化,太平,太平步行街47号,0,0,暂无资料,7689,↑0.00%,,"""地产小区""",113.48803,23.43736105,113.4945554,23.44332974
苑阁小区,从化,街口中心区,从化市街口新村北路,0,0,暂无资料,8064,↑2.00%,,"""商圈""",113.5885587,23.55400191,113.5951415,23.55969876
沿江南路商铺,从化,街口中心区,从化区沿江南路,0,0,暂无资料,,,,"""道路""",113.5940665,23.5383817,113.6006349,23.54413258
云城北路商铺,从化,街口中心区,从化区云城北路,0,0,暂无资料,,,,"""道路""",113.5780807,23.56288588,113.5846663,23.56855004
越秀逸泉映翠商铺,从化,街口中心区,江埔街迎宾大道以北、105国道旁(南洋理工大..,0,0,暂无资料,,,,"""NoClass""",113.6240139,23.57971594,113.6304668,23.58594427
雍禾苑商铺,从化,街口中心区,街口镇从城大道城峰路,0,0,暂无资料,,,,"""地产小区""",113.585359,23.54317717,113.5919452,23.54885355
云星路商铺,从化,街口中心区,从化街口镇云星路,0,0,暂无资料,,,,"""村庄""",113.6367986,23.61739743,113.6432106,23.62372979
云城南路商铺,从化,街口中心区,从化区云城南路,0,0,暂无资料,,,,"""道路""",113.5777107,23.5615314,113.584297,23.56719645
远达广场,从化,街口中心区,从城大道89号,0,0,2020,,,,"""休闲娱乐""",113.6011051,23.53513349,113.6076507,23.54098333
雍晟时代公馆,从化,街口中心区,广州市从化区鳌头镇大氪迤逖东街,0,0,暂无资料,,,,"""地产小区""",113.508194,23.58600803,113.5146303,23.59228428
云星・钱隆江景,从化,街口中心区,街口北星路儿童公园旁,0,0,暂无资料,14056,↑12.96%,,"""地产小区""",113.6114519,23.56375996,113.6179613,23.5697889
雅居乐・海伦堡 溪境花园,从化,温泉,流溪河畔・迎宾大道北侧,0,0,暂无资料,12485,↑0.00%,,"""地产小区""",113.6202385,23.57307692,113.6267093,23.57925246
壹号中心,从化,太平,广从南路542号,0,0,2019,,,,"""门址""",113.4977079,23.45340678,113.5041869,23.45954187
云谷,从化,温泉,从化流溪温泉度假区,5,0,暂无资料,12118,↑2.00%,,"""休闲娱乐""",113.6645604,23.64765629,113.6710481,23.65375369
雅居乐滨江花园,从化,街口中心区,从化街口从化雅居乐滨江花园,0,0,暂无资料,19154,,↓0.28%,"""地产小区""",113.5996788,23.54045395,113.6062323,23.54628218
雅景居(从化),从化,街口中心区,凤仪东路雅景居,0,0,暂无资料,,,,"""地产小区""",113.5953315,23.5471218,113.6018999,23.55288906
悦景苑,从化,街口中心区,河滨北路悦景苑,0,0,暂无资料,,,,"""地产小区""",113.6067445,23.55747135,113.6132746,23.56341729
智杰雅筑,从化,街口中心区,街口镇向阳一路32号,0,0,2016,14546,↑3.00%,,"""地产小区""",113.5994242,23.56247397,113.605977,23.56829798
中田南路小区,从化,街口中心区,街口镇中田东路,0,0,1995,10899,↑0.00%,,"""地产小区""",113.5936327,23.54802771,113.6002056,23.55377416
珠光云岭湖(商用),从化,街口中心区,街口街S355省道线地段风云岭旁边,0,0,2016,17772,↑0.00%,,"""旅游景点""",113.5745206,23.55423313,113.5811075,23.5599103
至宝楼,从化,鳌头,鳌头镇新政路10号(鳌头镇政府背后),0,0,2011,7120,,↓6.41%,"""地产小区""",113.4332443,23.6241311,113.4397418,23.63007056
镇北路小区,从化,街口中心区,从化市街口镇北路,0,0,1997,9368,↑0.00%,,"""地产小区""",113.600948,23.55918702,113.6074977,23.56503508
镇北路商铺,从化,街口中心区,从化市城郊街镇北路,0,0,暂无资料,,,,"""道路""",113.5983712,23.55874247,113.6049292,23.5645512
智富华轩,从化,街口中心区,街口镇河滨北路向阳南路,0,0,2013,11626,,↓1.00%,"""地产小区""",113.6021828,23.55895208,113.6087284,23.56482007
镇南路小区,从化,街口中心区,街口镇东成路镇南路,0,0,2000,8396,↑4.63%,,"""地产小区""",113.596405,23.554081,113.6029703,23.55986235
中华路小区,从化,街口中心区,街口镇中华路(与中华路一巷、中华路二巷交汇),0,0,2000,9765,↑0.00%,,"""地产小区""",113.5970099,23.55445368,113.6035734,23.5602433
中华市场社区,从化,街口中心区,街口镇中华路与东成路交汇处,0,0,2000,14697,,↓1.00%,"""购物""",113.5977325,23.55425467,113.6042939,23.56005447
中田西路小区,从化,街口中心区,街口镇中田西路,0,0,2000,9236,↑0.00%,,"""地产小区""",113.5899951,23.5513108,113.5965758,23.55701969
镇安横街小区,从化,街口中心区,镇安横街(河滨南路与中田东路交汇处),0,0,2000,12355,↑0.00%,,"""地产小区""",113.5972972,23.55065082,113.6038604,23.55644455
中田北路小区,从化,街口中心区,中田北路(中田东路北侧),0,0,2002,8936,↑1.37%,,"""道路""",113.5947509,23.54975809,113.6013211,23.55551806
珠光・山水御苑,从化,街口中心区,温泉镇水底村(105国道旁),0,0,2016,8108,,↓10.74%,"""地产小区""",113.6274052,23.5989145,113.6338329,23.6051805
镇北路解困小区,从化,街口中心区,从化区街口镇镇北路,0,0,暂无资料,11479,,↓2.00%,"""道路""",113.5983712,23.55874247,113.6049292,23.5645512
中华路商铺,从化,街口中心区,从化区中华路,0,0,暂无资料,,,,"""地产小区""",113.5970099,23.55445368,113.6035734,23.5602433
中田东路商铺,从化,街口中心区,从化中田东路,0,0,暂无资料,,,,"""道路""",113.5947509,23.54975809,113.6013211,23.55551806
中田东路小区,从化,街口中心区,从化中田东路,0,0,暂无资料,8402,,↓16.34%,"""地产小区""",113.594848,23.550176,113.6014179,23.55593718
中田南路商铺,从化,街口中心区,街口镇中田南路,0,0,暂无资料,,,,"""城市""",113.2714313,23.13533631,113.27785,23.14163864
中田路小区,从化,街口中心区,中田路,0,0,暂无资料,18534,↑0.00%,,"""地产小区""",113.594848,23.550176,113.6014179,23.55593718
珠光山水诚品,从化,街口中心区,江埔街江村地段,0,0,2019,8195,,↓2.84%,"""地产小区""",113.6228702,23.57862875,113.6293275,23.58484175
智业家园,从化,街口中心区,环市东路128号,0,0,2005,,,,"""地产小区""",113.6101781,23.53195643,113.6166889,23.53796199
智汇国际大厦,从化,太平,智汇街10号,0,0,2017,,,,"""商务大厦""",113.3312468,23.14751371,113.3377972,23.15320637
