id,population,num_zhuzhai,fangjia,zujin,shoujia,RoadDensity,RoadNum1,2RoadStatus,gonggong,tingchechang,yiyuan,gongyuan,shangchang,tuoyujigou
122,12898.44922,11,35513.39138,254.8781755,76047.47331,90.01125145,7,2,2,9,0,0,0,1
158,940.3345337,10,57713.39462,184.8594104,29721.68836,8.947645568,0,0,0,0,0,0,0,1
168,11625.49902,9,23654.78698,121.2794901,20107.77994,176.301497,7,3,2,0,0,0,0,1
228,1053.912842,6,55331.82774,200.601469,51477.5715,12.98727705,0,0,0,0,0,1,0,1
233,16867.66992,3,50868.53674,193.7112998,49617.9404,235.4505101,11,2,0,24,5,0,1,1
237,2735.647949,0,17883.00353,67.74051434,40808.1664,2.845031153,4,1,0,0,0,0,0,1
240,657.1489258,0,14780.8664,136.91351,37321.39627,19.48015096,5,1,0,0,0,0,0,1
277,15309.82715,17,42339.00816,95.30662168,33682.29428,295.4835599,15,2,2,11,0,0,0,1
335,5730.267578,27,31468.37005,211.1999425,60928.45302,170.6157766,9,1,0,4,1,0,2,1
453,7515.492188,12,30270.78849,99.06120727,51084.14168,103.3709297,8,3,3,3,0,0,0,1
460,1717.377197,11,21013.57414,125.9739863,28746.27369,63.45707934,5,1,3,0,2,0,1,1
471,0,17,48822.91482,144.2783832,99435.99093,22.80224715,0,0,0,0,0,1,0,1
554,883.4386597,3,45176.57703,79.20310087,67757.19485,18.3389078,1,1,0,1,0,0,0,1
558,17188.24805,17,40239.54501,266.1931153,54303.49662,14.26559892,4,2,0,0,0,0,0,1
568,97.55657959,4,9620.151727,117.2451192,53589.87331,9.63740025,3,1,0,0,0,0,0,1
610,36.76263809,1,20976.39949,58.65821334,13981.00548,2.825730852,0,0,0,0,0,0,0,1
612,1714.762695,7,88674.79776,236.0436192,35011.17003,177.0361977,3,1,1,0,0,0,0,1
629,14955.92578,0,33547.73517,77.63092983,53588.36427,126.0838458,4,1,0,10,1,0,1,1
638,8382.518555,6,21123.99504,88.95163862,26734.68589,53.10505758,2,1,0,3,1,0,1,1
647,4353.585449,4,30997.7456,89.89449311,15209.19883,99.95511171,9,3,0,11,0,0,4,1
684,145.3815155,0,23646.4862,53.14319176,56872.70262,20.22912259,0,0,0,4,0,1,0,1
773,520.3787231,1,29236.836,76.46107722,50207.20934,7.441202189,1,1,0,0,0,0,0,1
778,1937.792725,20,25959.1664,159.8580206,37721.45457,114.7151516,2,2,2,0,0,1,0,1
798,2972.391602,12,37370.32506,138.9313729,45951.01604,90.82418653,5,1,0,4,0,1,0,1
827,1556.519775,1,14481.88211,128.7817607,41401.46966,5.713192409,6,1,0,0,0,0,0,1
849,732.7307129,3,18208.43201,131.5987976,42168.13082,21.72069672,2,1,2,1,0,0,0,1
890,37101.41797,28,59599.18296,347.8574424,33858.44307,303.1822997,12,2,0,12,4,0,2,1
895,1083.339478,7,30367.92433,106.0349943,32179.44889,66.66967314,3,2,0,1,0,0,0,1
918,11626.17969,5,27528.67958,101.683632,24448.75565,7.915503447,1,1,0,4,0,0,0,1
955,2506.416992,7,85530.28465,259.418137,31431.77491,96.80182835,4,2,0,1,0,0,0,1
995,3585.784424,2,77312.80506,79.73109439,39539.63385,31.88084818,3,2,3,9,0,0,0,1
998,184.8702087,0,19177.06722,39.10255808,29380.58089,9.332597877,2,1,0,0,0,0,0,1
999,272.2600098,0,21219.63547,132.2752944,24327.99443,14.08059596,4,1,0,0,0,0,0,1
1030,99.32454681,1,34082.92396,140.676625,36854.58362,13.97169223,1,1,0,0,0,0,0,1
1041,180.3368988,0,16029.86989,64.66671247,19669.17714,18.6273405,3,1,0,0,0,0,0,1
1063,1451.717896,0,14920.87503,50.03584874,2756.378895,5.838330092,3,1,0,0,0,0,0,1
1096,9783.582031,16,43368.97011,126.7672868,69392.08312,227.2021458,14,3,0,2,4,0,4,1
1104,460.850708,0,14760.41126,56.95968512,25632.96696,3.938162951,2,1,0,0,0,0,0,1
1127,416.2098083,2,44325.41304,142.7448369,56436.35207,8.608929058,2,1,1,0,0,1,0,1
1137,3061.360596,3,19649.34784,38.37326042,31045.47847,9.662389051,5,1,0,0,0,0,0,1
1161,2404.685303,11,23786.69836,108.5320929,44525.01725,57.3428414,2,3,0,17,0,0,0,1
1166,226.4820404,0,18351.56322,71.10269759,28807.38522,17.60528208,4,1,0,0,0,0,0,1
1208,761.2993164,10,40467.39235,137.8362105,27631.17082,64.31467101,2,1,2,15,0,0,4,1
1224,15052.00293,10,30712.33433,105.4039717,19029.82599,195.1341697,4,1,4,7,1,0,2,1
1226,269.2797241,0,32116.86595,89.76976716,38595.65815,38.84168414,2,1,0,3,0,0,0,1
1269,76.70845032,0,35099.95944,161.7284639,55896.05016,17.18177612,3,1,0,3,0,0,0,1
1274,0,0,20421.79052,49.26973507,443082.7682,0,0,0,0,0,0,0,0,1
1338,2783.720215,5,100942.4242,141.2382894,68477.01357,62.32066578,6,3,4,13,0,2,6,1
1382,16302.10645,12,37747.06375,180.9575314,65846.43091,28.17548505,7,1,0,2,0,0,0,1
1514,164.9028778,4,34719.94875,124.5840628,52993.63558,15.14862577,0,0,0,0,0,0,0,1
1516,11923.80957,19,45118.96875,183.5752442,59291.38342,149.5499494,8,1,3,14,0,2,0,1
1518,1054.340698,1,49630.99012,64.80668752,25668.3092,11.67152006,0,0,0,0,0,0,0,1
1557,73.18755341,0,12585.908,77.46107771,30967.71708,10.82485524,1,1,0,0,0,0,0,1
1574,1454.926025,4,13046.08332,51.06299099,1730.48962,2.714671774,3,1,0,0,0,0,0,1
1580,6916.36084,8,39461.95465,577.4434791,41568.06501,153.6718283,7,1,3,10,1,1,0,1
1585,9313.594727,3,52616.79778,178.2424134,49274.91779,37.11388764,5,1,0,4,0,1,0,1
1628,14025.25391,14,41257.84613,253.3397016,49331.43279,100.1397173,9,3,2,3,1,0,2,1
1651,47.18891907,0,43106.09065,151.8814863,45730.09521,4.272959755,0,0,0,0,0,0,0,1
1655,4784.294922,3,11173.8953,70.42564477,68214.78669,22.59478039,4,1,0,1,0,1,0,1
1657,158.0111237,2,37506.90775,194.8206544,91638.84217,43.00431238,2,1,2,0,0,0,0,1
1691,166.6448364,1,36223.53311,198.9508959,41738.02408,54.42460339,2,1,0,0,0,0,0,1
1743,5136.375977,9,58149.51627,388.2755907,43995.17149,111.8513225,11,1,6,1,1,1,0,1
1776,102.1768188,2,30094.17316,330.1576477,51061.43021,0,0,0,0,0,0,0,0,1
1876,11346.5957,34,52667.87782,293.5169411,38750.60535,148.3859959,5,1,0,2,0,1,0,1
1949,462.317688,1,28682.49264,229.1792977,39557.50225,5.440772922,0,0,0,0,0,0,0,1
1995,116.6095886,0,26314.2444,116.9491926,57917.51827,11.72027542,0,0,0,0,0,0,0,1
2011,14728.50488,12,32994.67799,190.9402872,29536.05127,88.52812963,4,1,0,2,0,0,0,1
2055,1199.109131,4,28987.06097,113.9158818,17831.29913,14.84337913,0,0,0,0,0,0,0,1
2187,55.70168686,0,24722.45097,73.78474497,39117.95531,16.64546989,6,1,0,1,0,0,0,1
2211,6829.087891,20,54094.21778,163.448769,45388.19516,120.0073126,4,3,0,7,0,0,0,1
2213,3234.078613,1,65247.58009,147.8907498,46125.33106,164.1722353,5,2,2,0,0,0,0,1
2215,381.1678467,3,39390.16156,222.232365,34447.10773,6.746913509,0,0,0,0,0,0,0,1
2226,574.7199097,3,34088.54807,159.3554633,14517.1283,11.62695609,0,0,0,0,0,0,0,1
2265,1476.865479,1,25595.16998,128.5772205,8985.09735,43.96725603,5,2,0,0,0,0,1,1
2304,872.3049927,0,16433.77992,333.905677,5918.517386,27.69047696,4,1,0,0,0,0,0,1
2309,2477.348877,1,19292.50124,50.48823591,28061.86803,55.34081998,4,1,0,2,1,0,4,1
2453,3800.961426,7,40913.64267,143.3622809,54221.68338,25.29167449,1,1,0,7,0,0,0,1
2460,659.7841187,0,17995.80387,66.93461577,46158.65679,3.701647929,1,1,0,0,0,0,0,1
2466,524.5663452,0,16614.70789,152.9780351,17882.37535,17.07262204,5,1,0,0,0,0,0,1
2468,346.1545105,6,44802.48082,62.55506344,21790.59358,8.132150032,0,0,0,0,0,0,0,1
2479,1006.002625,3,12482.12081,73.85375041,25797.3114,4.794259513,2,1,1,0,0,0,0,1
2533,22315.34961,24,41889.16887,197.604775,65238.24844,42.95605869,9,1,0,3,0,0,0,1
2536,6627.587402,3,16123.38528,31.51492316,37529.17589,17.05835423,6,1,0,0,2,0,0,1
2541,373.8885803,1,24638.97134,153.2290319,24216.149,6.772911964,1,1,0,0,0,0,0,1
2653,5926.302246,3,34094.24111,1208.398287,34304.14478,111.0874014,2,1,0,2,5,0,0,1
2703,1207.935791,1,19895.50378,73.4862036,30822.75344,31.48195051,2,1,0,1,0,0,0,1
2766,196.4947662,6,26854.29138,103.2826156,230556.1657,20.36811783,4,1,3,3,0,0,1,1
2793,3852.320801,3,69270.8257,163.868279,150320.831,42.1688552,2,1,0,1,0,1,0,1
2816,194.9757996,2,16224.47574,206.1524076,43501.61687,13.89218777,3,1,0,0,0,0,0,1
2821,28538.78125,10,41071.99983,160.326308,49814.20929,117.643016,13,2,2,9,3,3,2,1
2832,3071.55249,0,47900.68546,210.7232317,74866.85037,97.306959,4,1,0,1,10,0,0,1
2842,25.7636261,0,17025.90634,53.73960081,18483.4297,1.169005526,0,0,0,0,0,0,0,1
3001,167.0054626,4,28610.79919,220.4048297,24585.90669,58.29090199,3,1,2,0,0,0,0,1
3038,8002.390625,30,60262.56224,237.8925169,51506.79604,64.63118912,5,2,0,18,0,1,0,1
3062,15839.06738,15,47899.32716,136.1248104,37584.95402,86.08599983,11,1,0,12,0,3,0,1
3119,5813.642578,20,43279.69825,161.1590708,53499.0881,142.4553473,4,1,0,0,1,0,0,1
3127,2160.061768,2,80738.15461,569.8015872,86243.16831,56.99449155,4,3,3,0,0,0,0,1
3205,109.8289795,0,20487.699,80.63116124,43039.47749,4.201140716,1,1,0,0,0,0,0,1
3207,3053.976074,3,30123.04931,75.92402906,18546.79652,34.9476491,4,2,0,0,0,0,0,1
3241,854.8139038,0,33436.34437,61.88810739,27742.2843,9.980686687,0,0,0,2,0,0,0,1
3257,2042.694336,11,38044.50973,118.2462115,23649.2653,28.07159781,0,0,0,1,0,0,0,1
3344,1706.718262,5,12841.81823,65.04192105,53367.13,20.40234687,7,1,0,0,0,0,3,1
3372,39.49405289,1,23520.5901,66.73774568,14122.16194,1.672498686,0,0,0,0,0,0,0,1
3391,8482.726563,4,64012.97963,251.8687485,78813.72309,74.30482756,5,1,2,0,0,1,0,1
3396,32439.42188,27,51028.46657,247.2029316,34072.6966,193.6347563,8,2,2,11,0,0,0,1
3435,222.2243652,0,17820.53361,63.90684688,115664.7309,7.206087343,10,1,0,2,0,0,2,1
3456,1015.251526,4,43142.08684,162.7310004,38439.66623,16.13661087,4,1,0,0,0,0,0,1
3713,4029.388184,0,31930.08347,44.30286094,21685.27782,142.4440759,6,1,0,0,0,0,0,1
3762,13421.40039,9,42801.75318,191.6005683,48422.3031,56.24250648,8,1,2,8,2,0,2,1
3771,1508.687256,0,24210.41804,97.10275691,37531.35876,12.93957542,2,1,0,2,0,0,0,1
3775,122.3862686,4,8437.500203,40.46566048,22011.80066,7.215978006,1,1,0,0,0,0,0,1
3791,4488.349121,1,9950.027982,79.71284647,23098.57731,13.22174861,5,1,0,3,0,0,0,1
3819,137.7480621,4,14537.7431,34.67402029,42864.58499,7.526509083,1,1,0,0,0,0,0,1
3888,435.1975708,0,18858.74674,96.4342795,77634.17098,21.12036851,7,1,0,0,0,0,0,1
3893,266.2242432,0,20276.44183,52.91962594,40737.5944,13.10405798,1,1,0,0,0,0,0,1
3907,260.7084961,7,16370.44937,71.40033437,45323.10645,13.91176699,4,1,1,0,0,0,2,1
3992,377.2349854,18,68418.54875,273.4727942,45002.23052,13.75640993,0,0,0,0,0,0,0,1
3999,944.0065308,3,49916.76589,194.3108607,42661.22674,16.18207592,1,1,0,0,0,0,0,1
4069,7090.733887,4,34075.95035,110.1461734,48333.61792,19.19635704,1,3,1,0,1,0,1,1
4078,936.3082275,3,41576.01707,59.39438412,33163.7994,71.33814037,4,1,0,0,0,0,0,1
4091,4462.635742,27,51617.02633,346.0006557,72967.50767,9.936512173,2,1,0,0,0,0,0,1
4095,2151.860352,5,31291.54753,86.94120571,54424.99276,88.72278431,7,1,0,0,0,0,0,1
4116,2971.700439,27,62791.68678,289.6176258,116519.9493,34.3870127,0,0,0,5,2,1,0,1
4141,570.9765625,3,32677.12607,144.6148279,14674.99963,18.74429191,0,0,0,0,0,0,0,1
4155,469.039093,0,30558.11272,270.1757941,78747.28814,11.06464313,2,1,0,0,0,0,0,1
4165,3628.764648,2,13298.42815,69.9604732,21356.50642,4.641954715,6,1,1,3,0,0,1,1
4187,420.7053528,7,49147.22386,232.5583319,46690.67257,10.71391906,4,1,0,0,0,0,0,1
4202,181.8800659,0,13798.43075,58.91032669,25015.13232,10.91792334,0,0,0,0,0,0,0,1
4226,316.5446472,0,33040.45393,189.5239888,50489.34047,41.39547606,3,3,0,0,0,0,0,1
4229,569.8870239,18,13709.90157,53.18455431,89550.6788,14.61979661,3,1,0,1,0,0,1,1
4243,3921.3396,0,64362.30303,186.9863449,79025.28191,6.243906268,1,1,0,6,0,1,0,1
4301,629.9765015,3,11255.93771,69.9862254,37879.95392,6.818165117,1,1,0,0,0,1,0,1
4318,4134.842285,19,42442.30185,170.2845885,43215.92994,70.56092316,2,1,0,0,0,0,0,1
4347,9489.28125,7,78013.9804,754.7996334,83313.42244,193.6136978,4,1,2,0,0,0,1,1
4353,2660.788574,14,56482.00253,184.6251644,91409.12269,51.22988339,4,3,0,1,0,0,0,1
4418,2409.243408,20,36061.98664,295.3683924,46165.90289,162.5029443,3,3,0,0,0,3,0,1
4421,1583.611328,35,65914.33281,149.4203467,121164.6206,59.30459712,4,3,1,0,0,0,0,1
4452,3721.160645,6,37273.15846,134.0928207,66689.31091,25.60797937,1,1,1,0,0,0,0,1
4458,1171.627197,1,26634.07325,72.53313562,27524.06721,70.41328826,8,1,0,12,0,0,0,1
4526,218.1269989,6,33682.43416,209.1776451,27844.35012,89.53238368,4,2,0,0,0,1,0,1
4551,360.5916748,3,17310.46509,52.64067265,22717.41582,14.7940472,3,1,0,1,0,0,0,1
4578,7443.749023,7,27691.73438,464.0860673,72752.65058,155.976562,5,2,5,10,0,0,2,1
4582,14152.11328,7,20729.59859,63.52594325,22114.18625,91.37924756,5,2,4,0,0,0,0,1
4600,866.7072144,3,42373.70649,187.9175054,37804.18636,52.0722101,11,1,0,4,0,0,0,1
4633,1583.971436,4,49501.81726,1152.449332,32349.34045,40.70315778,3,1,2,1,0,0,0,1
4658,5626.001953,21,73490.77974,190.3017625,179022.7583,15.58094974,2,1,0,2,0,0,0,1
4704,3035.348145,0,29461.62608,69.97112349,42260.84326,121.922559,3,2,2,6,0,0,0,1
4708,1426.858398,0,32013.57782,120.2703927,29651.79508,123.7991906,5,2,4,11,0,0,6,1
4757,1355.505005,0,34542.60239,74.32072937,49041.34769,15.33245831,0,0,0,0,0,0,0,1
4796,1043.991089,0,17700.32777,51.25848619,25073.20474,10.24411082,5,1,1,0,0,0,0,1
4846,9510.977539,23,52370.57005,140.4226527,137510.9179,206.2724219,12,2,0,1,0,3,1,1
4876,880.2050781,0,36837.01782,120.1176019,6286.633536,4.565670971,1,1,1,0,0,0,0,1
4902,231.4072571,1,20751.30429,107.4186012,463735.6753,7.667820401,0,0,0,0,0,0,0,1
4947,4196.756836,0,82707.0538,159.6554684,88739.84436,125.8464093,11,1,4,14,0,0,2,1
4951,1506.034912,3,40034.70416,59.12557085,93556.97155,16.37471175,0,0,0,1,0,0,0,1
4970,231.3450317,6,32025.54893,116.9138862,30290.38168,6.484512284,0,0,0,0,0,0,0,1
5053,7418.136719,26,48295.3619,142.2757556,41134.25756,82.63234477,2,2,3,1,0,1,0,1
5056,93.84759521,0,19543.25325,132.0716555,84286.27142,9.406902165,3,1,3,0,1,0,0,1
5081,569.6325684,7,27608.28824,156.4607965,32738.06233,11.74956749,0,0,0,0,0,0,0,1
5109,212.0336914,0,35869.56808,83.78412371,36726.17954,29.60796691,4,3,1,2,0,0,0,1
5184,1452.934814,2,39788.56477,122.1945368,95907.64996,120.8203259,7,3,0,1,0,1,1,1
5275,173.5342865,0,11277.01457,66.90807526,7548.113591,2.647794597,1,1,1,0,0,0,0,1
5282,934.854248,9,34524.40542,118.9628286,51656.40975,14.69452918,3,2,0,0,3,0,0,1
5331,86.09012604,1,31030.04629,87.79661056,36562.72622,16.2006614,1,1,0,0,0,0,0,1
5332,16833.08398,5,54127.34548,310.3991673,66190.96809,152.7916022,6,3,0,0,8,1,4,1
5334,588.0361328,10,39361.9689,792.6233598,45366.29775,47.82135375,5,2,0,4,0,1,0,1
5345,5719.666504,15,38011.38568,231.1477784,48405.22183,40.33599899,5,2,0,2,0,0,0,1
5457,2239.512207,6,18445.56208,98.7370059,31486.06814,87.22744836,7,2,0,7,0,0,2,1
5461,8277.893555,16,77588.14264,294.8874223,68917.68387,280.8728219,8,3,0,12,0,0,0,1
5484,1492.228027,0,52019.91778,87.30777296,31117.31753,59.2878192,2,1,0,4,0,0,1,1
5495,2007.792847,12,52740.73826,179.7821443,42845.94631,11.74929245,0,0,0,0,0,0,0,1
5513,684.0394287,0,15923.27684,29.08125446,28775.88401,54.24473517,8,1,0,3,0,0,0,1
5538,1599.3302,1,57024.37848,105.1072214,53545.27672,18.81558022,7,1,0,0,0,1,0,1
5575,4199.77002,21,69206.46626,176.4154586,71685.77444,48.86533505,1,1,0,2,2,0,0,1
5591,12451.83105,31,76874.23661,391.5223529,73122.78931,37.46189315,2,2,0,0,0,0,0,1
5608,10729.22266,8,31699.1971,118.5238004,49940.29462,57.78491707,3,2,0,8,2,0,1,1
5611,6345.884277,9,60942.16261,537.8519968,46281.71169,44.02645737,6,2,0,6,0,0,0,1
5714,6216.685059,1,24576.70186,86.59823428,30986.90393,88.02672211,11,3,6,2,0,0,0,1
5736,1719.240601,7,12716.41456,56.31075321,8157.849958,4.881023335,2,1,0,0,0,0,0,1
5737,363.8055115,2,15673.76824,40.49230707,41653.72631,9.080942813,4,1,0,0,0,0,0,1
5770,1358.583618,12,26280.81422,148.9476101,10586.4279,61.24897699,4,1,0,0,1,1,0,1
5831,1107.3396,8,17122.20649,603.8011129,3032.053067,4.540751164,3,1,0,0,0,0,0,1
5915,4316.291016,3,63264.53326,123.4211389,48694.72955,53.92479065,6,1,2,3,0,0,0,1
5922,28745.99609,30,51201.73284,107.1577307,64989.82635,109.037223,10,2,0,8,0,0,1,1
5965,2615.828857,4,20893.04718,160.0639694,38461.11414,62.59135754,4,1,8,9,1,0,0,1
5967,860.7121582,2,32945.58841,88.00398187,45433.68237,1.497336797,2,1,0,0,0,0,0,1
5973,243.0289459,4,34176.47731,109.6543334,34695.04028,11.40014378,1,1,0,0,0,0,0,1
5979,6421.831543,20,71831.64321,115.227643,67880.39401,53.69708358,5,2,0,5,2,0,0,1
6068,1101.239502,0,13249.06125,70.36169846,35673.90327,12.12926588,7,1,0,0,0,1,0,1
6110,309.0908813,1,26507.75512,63.16001187,101783.2724,10.91119374,1,2,0,0,0,0,0,1
6143,4097.041016,9,40111.89371,133.6484618,20131.08804,10.89851497,1,1,0,0,0,0,1,1
6160,651.5293579,7,60078.67068,163.0343761,41533.33645,195.7417682,5,3,1,0,0,0,0,1
6191,2321.853271,6,13317.60332,47.36646749,32964.26955,8.225708045,5,1,1,0,0,0,0,1
6255,184.7804565,3,36102.02247,158.3725227,31323.72955,4.390060902,0,0,0,0,0,1,0,1
6312,581.8148804,5,69554.55558,2404.004293,36939.7386,6.790365759,1,1,0,0,0,0,0,1
6317,492.1350403,0,37469.54142,82.1543064,30082.86693,6.285098676,0,0,0,0,0,0,0,1
6346,1344.471436,0,35425.2285,130.4609787,31128.24289,57.38120509,6,1,4,9,1,0,1,1
6348,10778.26855,4,37177.08187,163.065234,79882.6586,158.9823572,5,3,2,11,0,0,1,1
6352,929.9212646,1,35981.99222,127.7380101,25709.78138,65.60536774,4,1,0,0,0,0,0,1
6379,11484.41113,8,36002.50897,162.6480704,32145.01591,244.707089,8,2,0,0,0,0,0,1
6384,1366.131714,7,12372.23427,55.19204741,4198.889636,8.807724329,3,1,0,0,0,0,0,1
6454,1223.535278,4,35066.07348,86.94614323,66519.14993,14.72562729,1,1,0,1,0,0,0,1
6459,218.6228333,2,19295.51172,55.90390407,41170.99596,26.83350113,3,1,0,0,0,0,0,1
6462,4173.969727,10,48305.22909,302.3067177,46629.50463,127.9022682,4,1,1,5,0,0,0,1
6465,26.50209999,0,64796.71487,135.3067422,37507.4641,0,0,0,0,0,0,0,0,1
6542,587.1325684,1,19692.79051,84.97343682,40928.63192,15.71560745,5,1,0,0,0,0,0,1
6543,469.0484314,9,68850.66654,168.719965,45129.89503,11.95497355,2,2,0,0,0,0,0,1
6550,2943.910645,22,54925.96744,176.9553564,51533.97658,237.8922706,5,2,3,2,1,0,0,1
6597,4341.585449,3,42515.66899,108.7235695,37132.39194,235.1039805,12,3,0,2,0,0,1,1
6599,5272.038574,6,18532.54281,61.26328298,31130.6126,35.29758103,11,2,3,2,0,0,0,1
6624,1444.702271,2,37828.63898,134.09258,65015.91307,117.2142171,7,3,0,5,0,0,0,1
6626,1069.10144,5,54333.91308,63.36830699,35458.58177,30.42680094,4,2,0,0,0,0,0,1
6644,1721.812866,0,20621.64807,38.3517118,26422.33603,12.24411841,2,1,2,0,0,0,0,1
6656,9838.574219,0,45280.01401,148.3234411,53095.20524,195.2611777,8,2,2,10,1,0,6,1
6676,3923.01123,23,68327.66709,270.6158808,122931.6963,74.53872703,7,2,1,0,0,0,1,1
6747,245.7042236,0,22578.37342,76.03956479,509116.1473,16.95609341,2,1,0,2,0,2,1,1
6778,4873.736816,24,66587.10967,188.9098459,42260.33306,142.6654908,11,2,0,0,1,0,5,1
6824,3173.689941,0,41102.17392,146.8566234,54592.33748,162.2529546,8,2,5,9,0,0,0,1
6831,14904.11035,15,51436.53364,213.2393787,53551.35097,53.68048568,9,1,0,1,1,0,4,1
6861,5716.619141,9,29374.72229,104.3424083,17572.15485,98.96813534,9,2,0,2,0,1,0,1
6962,783.5668945,0,72478.59783,119.1380909,30903.72886,11.41220929,0,0,0,0,0,0,0,1
6987,900.6205444,5,41043.15747,157.2969313,46259.76688,29.26988045,7,1,1,11,0,0,3,1
7004,1339.085449,0,39877.90054,61.61934271,21715.04651,169.3204841,6,3,1,2,1,0,0,1
7007,0,0,21268.9686,93.45308655,42071.05877,7.574849978,0,0,0,0,0,0,0,1
7017,1295.658569,1,37981.47896,62.42941308,59623.60002,7.735086707,0,0,0,0,0,0,0,1
7061,2517.526367,0,33145.97465,81.5739989,14544.51365,22.84165802,3,1,0,0,0,0,0,1
7128,202.7219391,9,18268.4253,75.21178188,828984.074,5.525301174,3,1,2,2,0,0,0,1
7147,3046.619385,2,45464.55937,107.7389099,39551.35999,57.08112896,5,2,1,4,0,0,0,1
7161,483.5348206,13,38269.99414,99.54477115,36584.64819,31.54398347,1,1,2,2,0,0,0,1
7236,414.5882874,0,18565.70086,66.3231294,41526.69689,43.10741599,4,1,3,1,0,0,0,1
7278,3780.559082,28,57817.42773,312.0518959,48950.47237,104.3102318,5,1,0,2,0,0,0,1
7525,1548.046265,2,19305.14014,54.3457755,26171.24681,21.09141639,6,1,0,1,0,0,0,1
7553,1251.035522,4,40590.68049,189.6173754,41720.74201,204.5727944,7,2,3,6,0,0,1,1
7600,1871.922119,12,13338.70316,68.60381669,32557.40124,16.81025113,8,1,0,0,1,0,0,1
7633,6785.467285,0,38396.01503,127.8149459,31248.71387,50.09863109,3,1,2,5,0,1,0,1
7637,3112.027588,1,17670.61358,66.30141582,33972.45992,13.69704555,4,1,1,5,0,0,2,1
7641,134.6345978,2,18787.20184,84.16608767,47137.43419,2.37965148,0,0,0,0,0,0,0,1
7644,10628.87988,2,55065.03765,160.8149151,25937.39235,68.22361799,6,1,5,0,0,0,2,1
7719,1110.784668,0,18330.27094,51.39844059,21034.79861,7.523119312,2,1,0,0,0,0,0,1
7746,31233.34375,7,29538.51019,130.7968697,41945.98868,23.67705544,2,1,0,1,1,0,0,1
7771,118.0847702,0,59120.45077,196.7884899,38978.78099,17.84939784,3,2,0,0,0,0,0,1
7792,13458.68164,2,34283.9993,45.18078307,28944.76927,90.90644044,5,1,0,0,0,0,0,1
7891,1313.823364,3,32347.07409,40.57744037,10690.03836,24.10599213,1,1,0,2,0,0,0,1
7896,21720.05664,7,50654.53792,137.9628045,53105.05834,79.55889851,6,2,1,18,2,0,2,1
7932,8132.035645,12,13539.8558,99.63682141,51846.42304,12.77956971,2,1,0,0,0,0,0,1
7956,4075.620605,4,109991.3189,179.6853104,37782.45685,71.72411766,3,1,2,1,0,0,0,1
7994,359.3051453,2,17140.77064,97.37488343,20970.78209,2.173834107,2,1,0,0,0,0,0,1
8013,237.6860046,0,20746.77818,52.00259976,40109.711,26.26815949,2,1,0,0,0,0,0,1
8016,1593.34082,0,17747.23271,234.418513,4902.338187,10.0051911,4,1,0,0,0,0,0,1
8044,1630.163208,0,39673.50245,60.09854639,21925.76619,6.880745177,2,2,0,1,0,0,0,1
8076,18132.91211,6,51438.5452,113.7659429,59927.44076,28.72982859,6,2,0,6,0,1,0,1
8078,2220.940674,5,22893.23571,58.19235677,6061.751821,31.45124973,4,1,2,0,0,0,0,1
8104,10901.1582,4,31474.3262,143.5460188,50387.21823,82.2510602,8,1,2,5,0,0,0,1
8107,176.5116272,2,25030.14959,110.7143604,30032.57356,10.62958249,2,1,0,0,0,0,0,1
8115,440.5057068,5,11691.98208,63.80163828,84215.83352,7.692473786,2,1,2,0,0,0,0,1
8119,19236.86133,14,40224.91967,128.7449298,86102.29205,129.5267253,7,3,3,9,0,0,1,1
8168,312.6929321,1,28760.63622,66.76468325,13664.72631,1.002036247,0,0,0,0,0,0,0,1
8221,264.6467896,4,20873.78129,199.6483252,36485.07089,36.55184647,2,1,2,2,0,0,0,1
8322,235.8591461,0,19437.03984,62.19131846,19622.58996,2.181024497,0,0,0,0,0,0,0,1
8338,2211.246582,9,33955.69154,89.213176,37554.78873,91.25963292,9,1,0,5,0,0,0,1
8433,337.8428345,0,24302.00531,77.92948794,43013.73577,33.6269266,5,2,0,0,0,0,0,1
8460,143.8561401,5,17982.34258,53.7205028,23323.05001,7.964203687,1,1,0,1,0,1,0,1
8499,523.4764404,0,9612.396392,50.46874014,27925.03786,21.63674564,2,1,0,0,0,0,0,1
8583,143.860733,4,18854.75414,84.87676882,706746.8231,5.638942251,2,1,1,0,0,0,0,1
8646,25655.3418,0,37850.80341,83.42027013,70499.07887,93.42028719,5,1,5,2,1,0,0,1
8738,1384.440552,0,22582.13852,39.48194584,42167.49573,122.8333005,5,1,0,8,0,0,0,1
8749,503.5145569,2,11945.21639,43.67784264,6608.834177,3.877987784,3,1,0,0,0,0,0,1
8754,31142.6875,25,34162.42741,169.0269135,50317.64086,160.5025643,6,1,0,8,0,1,1,1
8787,25200.17773,12,41057.57144,138.5685845,52959.19482,133.0063721,12,3,3,10,0,0,0,1
8866,10396.93262,8,21568.59833,113.1676062,22920.48905,41.40873551,8,1,4,3,1,0,0,1
8887,999.3033447,2,37796.99554,152.3488904,57015.94538,123.3102487,6,3,2,0,0,0,0,1
8902,0,2,43239.29691,43.57251505,55744.68008,8.883202784,1,1,0,0,0,0,0,1
8978,9100.875,2,31220.71828,36.32036116,40796.98865,35.96596922,0,0,0,2,0,0,0,1
8994,42.81272888,2,21643.6852,72.87708145,39166.8346,14.84158389,2,1,0,0,0,0,0,1
8998,7723.539063,8,38899.60299,118.2629447,52160.74624,244.3739144,14,1,7,11,0,0,0,1
9129,3899.139893,12,40327.26354,176.3732932,63117.52353,194.250888,9,1,0,0,0,0,0,1
9204,4904.873535,6,50531.58879,189.0697368,76816.47663,141.2850486,4,2,0,0,0,1,0,1
9209,450.2470398,6,22108.12161,45.76817352,24848.20186,12.3656257,14,1,0,0,0,0,1,1
9257,2452.871094,6,31597.36882,76.64924061,42323.40584,23.10516696,2,1,0,0,0,0,0,1
9300,8760.935547,0,32357.27314,42.49872949,25177.19969,117.3248525,5,3,0,3,3,0,0,1
9327,2106.519043,26,37701.5223,277.2976533,53540.43746,6.154551492,2,1,0,0,0,0,0,1
9340,6749.72998,1,26146.48046,47.88596455,22821.07283,120.9447387,7,1,0,1,1,0,1,1
9346,54.6382637,2,35553.76016,138.3739533,42568.38741,2.213973062,0,0,0,0,0,0,0,1
9435,8625.532227,2,24872.59929,67.21949889,46620.04424,156.0991209,7,2,0,3,4,0,0,1
9558,6012.601563,23,64480.77444,245.6665583,54232.8922,195.9511233,6,2,0,0,0,0,0,1
9582,2798.726563,23,68555.8576,146.9473512,89162.46036,98.18236289,7,3,0,0,0,0,0,1
9592,1002.658142,3,39587.19027,87.17113364,63919.93446,28.28427003,2,1,0,3,0,1,0,1
9607,6535.537109,13,40000.49791,146.857028,43447.89533,203.9891955,6,1,2,0,0,0,0,1
9608,3129.933105,3,30571.14455,86.87411998,17459.21174,181.2682373,8,3,2,1,0,0,0,1
9621,49.18861771,0,17165.47986,73.97529197,18629.05467,0,0,0,0,0,0,0,0,1
9667,6889.586426,22,60119.50688,186.172801,65706.06365,70.80262487,7,1,1,4,0,1,0,1
9686,884.5331421,9,35491.82224,309.0995034,48596.11035,8.34781489,0,0,0,0,0,0,0,1
9704,2447.531982,12,63376.60618,191.2848168,63513.39308,33.6362879,0,0,0,3,0,0,0,1
9705,10824.03516,4,27437.80395,268.9405979,34453.86483,9.386635802,1,1,2,4,1,0,0,1
9708,287.8156738,0,42187.2931,174.7775114,49135.52437,62.80238322,6,1,1,0,0,0,0,1
9744,3941.771484,16,62360.39065,197.7140298,70932.8911,272.9268637,6,1,2,12,0,1,0,1
9765,2872.894043,8,44345.39314,333.0839995,37848.49549,24.60197495,0,0,0,2,0,0,0,1
9796,118.3215256,8,34939.62408,73.68421241,33547.18857,13.32323311,0,0,0,0,0,0,0,1
9829,484.4475098,1,18226.32715,91.70730895,41441.64289,28.01287973,9,2,1,2,0,0,0,1
9832,60522.92969,56,50019.55709,91.2469641,107783.8817,93.75292562,9,2,0,12,4,0,0,1
9859,411.5221558,1,52566.06974,80.15867423,16090.51718,13.0651242,0,0,0,0,0,0,0,1
9880,59.92444611,0,20836.04954,79.39525358,37659.23886,13.12595839,2,1,0,1,0,0,0,1
9903,8306.549805,26,57505.38922,416.7280958,41325.10311,184.7407178,14,2,2,1,0,0,1,1
9971,61.02536774,0,36763.58727,71.31323885,51049.62578,6.898754445,0,0,0,0,0,0,0,1
9973,2565.982178,5,39609.64491,93.41387053,29864.50668,43.23583842,2,2,1,0,0,0,0,1
10057,3257.863525,23,56390.28475,165.2914002,33869.84185,216.6837389,5,2,0,10,3,0,2,1
10103,9266.946289,19,69951.50021,273.119988,80331.8662,253.9404349,7,3,9,10,0,0,4,1
10168,206.2729034,0,20241.22664,57.82839574,44996.98359,11.89347821,1,1,0,0,0,0,0,1
10208,13424.8291,1,43742.33967,89.21905235,38359.87558,113.6341444,4,1,0,0,2,0,0,1
10216,124.4834518,3,34965.00067,647.5794997,73104.64485,9.517593527,2,1,0,0,0,0,0,1
10219,705.9690552,0,45313.54116,95.98677375,34629.85479,45.98379012,9,1,0,0,0,0,0,1
10221,868.1762085,1,38141.90293,145.6595099,52744.15834,145.5273657,4,1,2,0,2,0,0,1
10226,1497.600464,9,39054.06255,89.47404263,65422.70065,27.33072075,1,1,0,2,0,0,0,1
10233,12117.60449,26,48286.70875,206.5689855,39607.02301,212.0340896,9,2,0,15,0,0,3,1
10276,8187.79248,12,26965.27087,68.62945701,51204.0569,140.4499427,10,2,0,6,1,1,3,1
10307,5858.660645,0,30600.11767,83.08403895,35440.83171,21.50736144,1,1,0,0,0,0,0,1
10355,10562.33203,6,38610.90466,396.7004521,66610.79678,118.0880636,6,2,3,12,0,0,1,1
10460,566.1217651,0,17834.91255,31.28545648,4070.015534,10.31523808,2,1,0,0,0,0,0,1
10463,1369.605225,2,13345.57217,39.32992276,59583.51373,43.06595689,4,1,0,0,0,0,0,1
10473,309.3866577,1,50873.63794,87.01411703,4049.081258,36.18662839,1,1,1,0,0,0,0,1
10521,3483.745605,19,72531.57035,303.496125,46657.71146,240.9033102,8,2,3,0,0,0,9,1
10536,871.9336548,20,39584.94867,133.5753355,56296.2572,61.38277076,5,2,1,2,0,1,0,1
10552,10827.65918,31,45178.47571,94.9686379,45705.17307,39.63214994,8,2,0,2,0,0,0,1
10590,914.1328735,9,27218.98776,162.5437099,32320.16739,12.8766146,0,0,0,0,0,0,0,1
10615,7706.066406,0,33775.81197,85.9272395,38884.33652,21.27989657,6,1,3,7,0,0,0,1
10641,177.7747498,2,83104.89839,439.4875503,35039.91811,20.96478917,2,1,0,0,0,0,0,1
10658,801.1311035,15,56381.17422,207.5151737,40335.91383,24.41255614,4,1,0,0,0,0,0,1
10700,171.4818573,0,29818.32121,103.6481585,38904.32962,4.41289133,0,0,0,0,0,0,0,1
10703,3331.074463,24,56453.74795,172.8730864,31421.89353,21.35560744,3,1,0,0,3,0,0,1
10709,530.1845703,5,23716.66429,54.08860851,27752.05517,14.15023831,7,1,0,0,0,0,0,1
10832,69.61927032,0,22464.50511,71.25542283,39343.72781,14.15374518,2,1,0,0,0,0,0,1
10848,5268.626953,5,28099.08741,105.5881979,41101.35302,12.0932573,0,0,0,0,0,0,0,1
10933,2242.261475,4,21745.59513,209.2981094,41573.50308,6.752024886,0,0,2,0,0,0,0,1
10959,499.8710938,3,17936.14471,80.99622364,46068.44687,4.863702881,4,1,0,0,0,0,0,1
10981,789.7045288,0,19031.82888,55.81666617,40254.1458,0,1,1,0,0,0,0,0,1
10994,1284.69043,5,37511.53729,157.4676894,63504.74149,200.2378208,10,2,4,8,4,0,1,1
11041,6074.178711,6,41194.13275,502.8276467,42536.781,42.68781506,5,1,0,1,0,0,0,1
11051,269.4341736,5,27656.56977,272.4628534,17817.44158,19.98849212,0,0,0,0,0,0,0,1
11059,147.7198639,0,28806.00112,115.9801335,52455.56854,8.484930776,0,0,0,1,0,0,0,1
11076,84.05084229,0,15353.19389,60.45233166,24221.6372,3.971062187,3,1,0,0,0,0,0,1
11082,306.8550415,0,30796.72983,56.94253794,12999.52166,13.03774714,1,1,0,0,0,0,0,1
11107,257.2438049,5,40192.47862,129.4494783,55420.68732,11.22548875,1,2,0,0,0,0,0,1
11118,179.3441315,4,22707.73648,56.89026774,597821.5762,1.798903278,0,0,0,0,0,0,0,1
11119,1666.686157,3,30463.58046,86.82057554,23504.08248,23.63490683,2,3,0,0,0,0,0,1
11123,6439.92627,20,59790.05665,232.28327,45662.28,72.4083131,2,1,0,6,0,0,0,1
11136,14027.55762,2,22678.95799,99.90136375,46552.28942,140.3986236,5,1,3,0,0,0,2,1
11147,1671.327637,4,16759.8483,60.21182014,13416.80727,20.12213401,6,1,0,1,0,0,0,1
11151,1217.431152,1,13361.44576,144.0541705,14201.60882,10.48633339,1,1,0,0,0,0,0,1
11153,304.4732971,0,26299.13341,75.17312219,41191.85606,26.75921079,4,1,1,0,0,0,0,1
11184,4441.396973,10,74457.98631,181.3637633,51002.63861,287.3823742,6,1,1,14,0,0,0,1
11285,574.4417114,1,14502.70783,18.22851984,35141.45413,4.396540039,1,1,0,0,0,0,0,1
11316,78.9196701,1,21402.73204,61.7826768,39733.42666,1.461674168,1,1,0,0,0,0,0,1
11344,894.3307495,3,51695.91993,118.9088001,37424.91061,66.80107003,1,2,0,0,0,0,0,1
11417,443.2813416,4,38290.62165,77.17743723,30565.69543,8.786087841,1,1,0,0,0,1,0,1
11440,4283.581543,1,36901.15359,124.1012037,40295.37576,20.56073798,5,1,2,1,0,0,2,1
11446,8065.673828,26,54754.1895,1729.271519,45156.18091,32.81840471,4,1,0,2,0,0,0,1
11463,556.9109497,1,39540.47088,94.62162237,9913.504192,103.0034279,3,2,2,3,0,0,0,1
11517,1719.750366,0,16371.12314,49.97892053,6539.210632,13.31644124,10,1,0,0,0,0,1,1
11540,241.1365051,0,16268.98222,112.4513144,20187.76769,8.799260029,1,1,0,0,0,0,0,1
11548,1736.278076,4,11262.5353,78.00834241,5366.969224,11.35998279,6,1,0,0,0,0,1,1
11553,1202.088867,0,19763.26402,62.16570219,27916.02501,28.72344191,4,1,0,0,0,0,0,1
11566,5948.01416,12,58605.82728,124.44615,36514.64801,70.81498467,5,1,3,4,0,1,0,1
11582,95.27264404,0,25076.24115,75.66842843,15306.3878,14.77561863,3,1,0,1,0,0,1,1
11630,1755.157349,1,16738.84262,90.76141095,33415.48215,17.73704985,2,1,0,3,0,0,0,1
11647,10205.88379,7,32347.40487,106.6072976,53005.1101,43.61063776,8,1,0,11,1,0,0,1
11680,11161.51758,3,40605.6083,130.1763143,53300.67216,130.0394049,9,1,1,6,0,0,0,1
11692,33.5647316,0,15946.70381,51.88734387,20001.31755,0.796997383,0,0,0,0,0,0,0,1
11726,941.8824463,9,40866.73012,193.8484171,173378.5427,4.402809252,5,1,0,0,0,0,0,1
11742,2293.533936,3,34867.12708,1077.13768,31753.19874,16.39364819,2,1,0,2,0,0,0,1
11746,1973.746826,0,32494.81924,42.11708402,30419.06892,29.92201798,11,1,0,0,0,0,0,1
11771,2813.813965,12,14498.2744,133.644274,54635.33434,9.742576604,2,1,0,0,0,1,2,1
11774,1361.765137,3,21113.18897,48.66275268,43263.17861,83.55791234,5,1,0,3,0,0,0,1
11846,2415.057373,0,19630.4426,54.07135697,40652.79253,21.92755877,6,1,1,4,0,0,2,1
11847,9031.041992,1,47926.90011,60.28327769,36093.58802,7.842054602,2,1,0,0,0,0,0,1
11852,384.4293823,0,17943.46895,84.33026711,25726.0812,2.205859785,0,0,0,0,0,0,0,1
12030,284.2532959,11,20811.15082,114.9285255,27932.88457,8.815829669,4,1,0,0,0,0,0,1
12068,4193.39502,0,83015.37985,125.7502654,52808.46183,119.6254901,9,1,5,10,0,1,5,1
12152,5777.680664,10,60740.202,195.8203784,60061.13806,21.07600808,1,1,1,8,1,0,0,1
12194,256.576416,0,12561.42876,65.30653883,25296.55906,4.347728916,0,0,0,0,0,0,0,1
12222,17290.4707,4,56768.34043,199.5904229,53783.74387,117.0703142,7,1,2,5,4,0,1,1
12248,27.24387932,2,14331.26591,98.15887791,20712.92254,0,0,0,0,0,0,0,0,1
12274,1625.394775,3,34041.6605,206.681916,55903.43148,78.79777155,5,1,2,0,0,0,1,1
12275,778.3939209,19,42898.30745,226.8856467,54557.93026,131.9041486,8,2,2,0,0,0,0,1
12330,2010.728027,1,25158.28618,76.3684072,27174.47004,9.796959137,0,0,0,0,0,0,0,1
12331,18787.10156,8,62857.34363,191.2681799,63155.43794,110.374282,8,1,0,0,0,0,1,1
12374,3018.814697,0,65615.98398,142.5954381,38064.94496,36.6258902,3,3,0,6,10,0,0,1
12437,3196.89917,4,44448.35936,200.7502662,42429.56254,68.85035511,4,1,1,1,0,0,0,1
12451,3656.986816,1,77521.432,101.8991539,36200.12567,65.02202148,6,1,0,8,0,0,0,1
12470,4145.228516,6,25220.00028,108.9493634,36363.88678,148.0693508,7,2,0,0,0,0,0,1
12492,20009.45313,8,35293.13834,96.05533124,33065.06961,16.91109542,3,1,2,0,0,0,0,1
12519,718.47052,1,35429.84562,100.2281458,37184.29145,16.37190452,0,0,0,0,0,0,0,1
12580,6742.366211,12,67413.45204,299.5203657,51666.50868,196.1196685,9,1,1,0,0,0,1,1
12590,2258.514648,4,37689.85378,86.24109182,65806.75579,49.76001831,4,2,0,1,0,0,0,1
12617,52845.16016,19,49107.37258,236.3056265,73037.23923,202.004186,8,2,3,3,0,1,1,1
12619,514.5247192,1,27001.18631,187.2729359,37489.10069,66.43783353,3,1,4,1,0,1,0,1
12719,465.184967,5,36027.32533,109.6364845,22892.30624,1.856469422,0,0,0,0,0,0,0,1
12915,5521.866211,13,12386.20901,76.61817934,48013.31204,20.61261634,3,1,0,0,0,1,0,1
12923,7151.687012,6,38229.25674,196.9796645,76746.07017,83.92494361,9,2,0,0,2,1,2,1
12944,619.2875977,16,26618.86449,208.7535647,32002.06975,9.600586807,0,0,0,0,0,0,0,1
12952,945.7766113,3,35665.654,101.433115,39179.54702,19.76278472,1,1,0,0,0,0,0,1
13102,2400.282227,8,58395.16259,165.5017442,92872.65971,28.65864258,0,0,0,2,0,0,0,1
13126,7200.917969,20,58835.4611,284.3163527,72850.93872,218.9662251,4,2,5,1,0,2,1,1
13164,9601.87207,4,33502.97446,101.7567455,50706.2407,95.34084101,3,3,1,1,0,1,0,1
13209,857.5171509,6,34942.25785,114.482897,28404.53345,21.53539245,3,1,1,2,1,0,0,1
13228,6957.686035,6,24674.7974,172.3637176,22492.32488,28.88366286,5,1,3,3,0,0,0,1
13229,133.910202,1,14680.47634,88.26658425,30731.02717,0.574275958,1,1,0,0,0,0,0,1
13237,5399.533203,0,48983.40707,93.08268723,37925.97938,80.07261911,4,1,0,0,0,0,0,1
13256,195.998703,0,21172.96464,53.75347088,244328.5829,3.427357677,0,0,0,0,0,0,0,1
13312,4288.892578,17,43275.85925,175.5020226,54598.04569,111.9900515,5,1,0,0,0,2,0,1
13389,3276.319092,0,29192.18816,47.42797983,42391.2549,47.05513386,5,1,0,3,0,0,1,1
13411,105.3820114,0,23608.79621,120.5546448,40083.47293,5.939227361,1,1,0,0,0,0,0,1
13476,113.8665314,0,13364.89401,60.79291858,24409.62184,1.081889488,3,1,0,0,0,0,0,1
13497,269.6937866,12,36043.74819,111.8102948,12516.52817,9.381566622,0,0,0,0,0,0,0,1
13546,1039.117798,13,37846.99137,151.3026214,46423.85239,42.51717557,3,1,0,5,0,0,1,1
13582,1877.628296,9,31967.79038,160.2065639,50957.60197,28.01470772,3,1,0,0,0,0,0,1
13589,983.5455933,0,32830.68274,41.08800898,25222.29635,40.20801128,4,1,0,4,0,0,0,1
13595,19078.28516,0,42585.22781,119.1938229,36886.01639,122.0689827,7,2,5,0,0,0,0,1
13638,15451.5293,16,60659.60651,204.4011577,41408.48546,108.7018422,3,1,0,1,0,0,0,1
13676,1325.615601,2,42126.81468,64.00058036,26939.80305,7.542352058,2,1,0,0,0,0,0,1
13705,384.4945374,2,54095.63514,121.7903576,6860.241397,22.63071339,0,0,0,0,0,0,0,1
13758,1557.619141,2,37470.76539,106.028332,32439.39823,31.12386573,2,1,2,0,0,0,0,1
13761,2147.862061,0,28187.03382,272.8624419,47961.59159,54.61195269,2,1,0,0,0,0,1,1
13768,2385.038818,3,38934.73192,117.8729572,33087.55038,11.94164725,2,1,2,2,0,0,0,1
13810,7565.757813,17,36285.24457,153.0400557,44178.33428,216.0807121,8,3,3,13,16,0,3,1
13811,1853.919556,5,31808.95945,116.0686822,60687.45754,20.82115534,2,1,0,0,1,0,0,1
13847,71.98447418,1,27067.81922,54.9801206,14147.84205,12.32296003,1,1,1,0,0,0,0,1
13886,4244.287109,1,38353.03799,156.9429682,10753.0713,69.58923512,3,3,2,7,0,0,0,1
13923,735.1201172,2,21998.11312,56.18093124,28369.66488,11.91241825,2,1,0,0,0,0,0,1
13980,1112.56543,0,38065.90356,44.35699469,30043.36539,17.53398738,8,1,0,0,0,0,0,1
13997,3971.443115,2,19438.37828,89.63698713,37716.30755,175.7421607,10,1,0,0,1,0,0,1
13999,383.7603455,9,33153.20047,144.3709908,25562.83098,38.62586888,3,1,4,2,0,0,1,1
14036,8599.919922,5,29370.31878,103.1589645,47281.95225,43.43220527,4,1,1,5,2,1,0,1
14044,9705.235352,11,35089.07753,178.7139311,24524.83452,70.98328089,5,1,2,0,0,1,0,1
14057,1922.595459,19,63937.12913,193.0686836,48444.72028,60.5436563,7,1,0,0,0,0,0,1
14066,18998.45898,11,62555.23793,207.6689954,59841.77945,255.3561122,7,2,0,1,0,1,6,1
14136,246.6630707,2,33302.63856,135.7134874,36333.163,87.459464,7,1,6,4,0,1,0,1
14167,397.9505005,0,47359.77657,61.22479134,27639.59676,22.06179021,0,0,0,0,0,0,0,1
14188,144.2264709,0,19338.31538,67.91325401,42465.69637,0.643150655,0,0,0,0,0,0,0,1
14194,1681.853882,8,40068.5696,258.3748991,54956.34531,120.0608688,8,1,0,0,0,0,0,1
14218,35780.82422,2,31320.34359,159.1685209,42739.42022,109.5073988,7,2,0,11,0,0,0,1
14220,4971.255371,13,48789.96327,215.6267867,60556.83862,115.6707633,5,2,0,2,1,0,0,1
14257,5163.534668,6,49265.50458,713.5115885,64752.57243,56.59737073,4,1,1,8,0,0,1,1
14259,101.137558,0,15608.59487,78.21416038,33421.40631,9.173602414,3,1,0,2,0,0,0,1
14325,1215.009277,1,31379.94449,60.80116134,54974.87717,38.13290246,4,1,1,0,0,0,0,1
14329,367.0204773,4,34997.67848,80.6621582,30370.64077,75.89088426,4,2,1,0,0,0,0,1
14369,35118.26563,9,37454.37582,101.24223,54056.35682,90.32611629,8,3,2,10,5,0,0,1
14388,4618.47998,19,51314.64632,230.1909137,33709.10678,103.666372,5,3,1,7,0,0,0,1
14390,865.9949951,3,15864.79808,68.52879916,34058.75721,15.43898401,11,1,1,3,0,0,1,1
14397,8645.697266,13,58332.34962,122.4403026,54197.34694,118.0324665,9,1,0,10,0,1,0,1
14438,4705.425781,23,76238.39234,197.3684803,39973.04437,333.7357816,12,1,0,2,3,0,0,1
14480,1169.630859,0,34119.02353,111.7610381,42950.69594,56.03036736,7,1,2,0,0,0,0,1
14484,5658.851563,4,36934.55595,100.5834241,33435.26605,5.243223693,1,1,0,0,0,0,0,1
14545,4841.256836,13,56593.62647,142.2841333,73986.24054,82.54745658,6,1,0,8,0,0,0,1
14643,861.0300293,0,15621.31991,41.1784992,8090.992689,1.087135573,0,0,0,0,0,0,0,1
14651,9110.746094,16,83175.41747,230.337933,73922.58882,87.58145694,8,1,0,0,1,1,2,1
14671,2277.060059,5,82074.11164,208.0045129,88739.92049,24.3023252,5,1,2,6,0,0,0,1
14677,3097.820801,0,57054.79522,91.8242944,30192.87567,30.44790587,2,1,0,3,0,0,0,1
14689,3844.4646,6,89744.34944,393.1348483,39272.75765,177.3451983,5,1,0,0,0,0,0,1
14715,2664.703857,5,37550.29789,58.27613285,56562.74551,5.765124288,3,1,0,0,0,0,0,1
14719,1844.131104,17,65377.78934,298.4363779,40237.27971,21.5886349,0,0,0,1,0,0,0,1
14812,361.3281555,0,8799.231834,47.85584511,12589.38098,16.40274031,8,1,0,6,0,0,0,1
14816,708.3560181,0,34054.20784,50.12269315,19721.80209,26.0278969,2,1,1,4,0,0,0,1
14822,3118.2854,8,91452.70841,246.516695,33816.18546,171.4362374,8,1,0,0,0,0,0,1
14825,2390.825195,2,14093.13511,66.57555429,30088.24156,10.83616903,16,1,1,1,0,1,0,1
14843,162.6989594,1,27725.9088,122.7804418,33427.08255,2.176879377,0,0,0,0,0,0,0,1
14873,7731.333984,4,37111.52399,108.5513546,57126.77608,12.19581245,3,1,0,0,0,0,1,1
14884,1340.177734,28,41914.93891,140.5402011,52816.53227,134.1897366,5,1,0,0,0,1,0,1
14893,365.6703796,11,10388.85115,70.41184833,8555.099379,3.686038232,0,0,0,0,0,0,0,1
14938,398.2548523,0,34449.62127,98.21153476,82593.11109,4.812822884,1,1,0,1,0,0,0,1
14973,8726.857422,13,25490.27582,101.7025902,25460.99183,86.39664408,4,1,0,8,1,0,6,1
15131,4420.316406,24,56448.35476,180.9408141,50939.66987,23.00242388,6,2,0,2,1,0,0,1
15225,610.6485596,8,38688.04117,281.8782056,27030.15616,57.2868075,5,1,2,3,0,0,0,1
15265,293.7268677,5,16165.8388,69.59843873,26758.55174,13.67980864,0,0,0,0,0,0,0,1
15268,32.81373215,0,17316.60511,73.85898044,18632.86256,0,0,0,0,0,0,0,0,1
15309,358.370697,0,10770.70204,318.28271,6784.097501,24.47311679,6,1,0,0,0,0,0,1
15366,573.0234375,0,26806.91364,80.87085017,38418.7692,13.12642064,2,1,0,0,0,0,0,1
15371,1657.594482,0,11312.87612,58.82131708,16872.80135,7.951883423,2,1,0,0,0,0,0,1
15394,242.7525482,3,27346.83017,64.71472016,23859.43377,0.747042273,0,0,0,0,0,0,0,1
15407,2744.982422,0,18524.77692,41.60365891,34887.37668,10.58805895,5,1,0,0,0,0,0,1
15478,4950.624512,21,65108.16694,238.4661436,35264.75519,67.76350447,7,1,0,1,0,0,0,1
15484,8978.553711,4,32739.60224,91.4211341,26632.37687,47.33326087,5,1,3,4,0,0,1,1
15562,1263.32666,12,42555.26137,138.4153282,48491.04289,96.85344315,5,2,2,1,0,0,0,1
15590,714.5622559,1,48574.77398,64.71463779,53199.37386,52.16428222,5,1,0,0,3,0,2,1
15616,52.24185181,0,32923.4023,80.56173286,75014.68729,10.54223517,0,0,0,0,0,0,0,1
15636,3072.032471,14,48558.94255,141.6699519,36694.52843,26.74355038,1,1,0,4,1,1,0,1
15641,892.8739014,0,16031.6763,46.06801377,12486.01488,15.40541609,2,1,0,0,0,0,0,1
15675,2876.878174,5,30058.17493,89.25202549,54352.77715,106.1767344,3,1,0,1,0,0,0,1
15692,79.5638504,0,20926.09596,84.14316733,45140.51191,6.956758029,1,1,0,0,0,0,0,1
15716,11966.57324,2,48604.32178,45.25761634,35383.70113,284.6154553,11,3,0,0,0,0,0,1
15718,2104.575439,0,13573.62204,59.27218157,7410.976304,10.01041731,12,1,0,3,1,0,0,1
15745,1981.843872,5,32546.4199,79.24434622,25921.98614,14.26615891,5,1,0,1,0,0,0,1
15815,149.6160736,0,22672.15302,99.7787346,4295.130256,2.979528581,0,0,0,0,0,0,0,1
15818,26031.86719,6,36053.58442,373.5900341,52678.92265,179.0475754,5,1,9,9,1,2,5,1
15853,5386.867676,0,38806.8093,85.99332815,33318.81392,46.63745028,4,2,0,0,0,0,0,1
15864,2063.432617,1,28768.17841,91.41158381,47523.68247,25.33790996,4,1,1,0,0,0,1,1
15867,2463.361084,7,67998.73485,129.6393796,56469.94089,52.06257249,5,1,3,2,0,0,0,1
15879,679.5292358,3,15099.15663,72.7765118,32870.63799,5.34536675,2,1,0,0,0,0,0,1
15909,71.15864563,0,25077.981,72.10658299,14797.47118,9.195878611,4,1,0,1,0,0,0,1
15916,432.0003967,5,33205.1466,167.7407901,84986.74953,42.4784864,7,1,0,1,3,0,0,1
15939,8405.349609,3,46428.37377,211.5636661,66149.36311,112.2959466,2,2,0,21,1,0,1,1
15945,3409.517334,4,22820.50376,67.63563205,32240.42939,75.68412758,6,1,0,4,0,0,0,1
15960,666.4371338,24,39540.42936,90.95240507,30561.46096,8.264033338,0,0,0,0,0,0,0,1
15963,209.4478912,0,10631.1493,27.58570117,28522.47916,11.34664281,3,1,1,0,0,0,0,1
15990,18520.88086,31,44905.55891,339.3081883,54055.43751,176.6522453,5,3,0,0,3,0,0,1
16032,12155.84082,3,33565.68672,176.9878814,50425.46382,229.3313806,11,1,2,6,1,0,0,1
16150,626.4007568,0,44363.20511,140.7398386,39845.57734,28.17716512,1,1,1,0,0,0,0,1
16161,452.602478,11,45979.85678,114.7715239,20378.42984,41.53853395,2,1,1,0,0,0,0,1
16209,130.2537689,2,30865.6141,198.9464874,58827.81505,47.35018458,0,0,0,0,0,0,0,1
16212,738.1983032,0,34221.6706,89.40343935,27503.77149,24.8276909,3,1,2,1,0,1,0,1
16297,2639.737061,6,17799.39618,67.3080354,44357.86997,27.90760076,3,3,0,2,0,0,1,1
16423,100.3886261,1,10229.47327,41.21173634,17373.54319,6.794609031,3,1,1,0,0,0,0,1
16473,1825.784546,3,30397.72471,49.1637456,15776.85675,10.74253167,1,1,0,0,0,0,0,1
16514,414.0293579,0,8116.019483,157.3484719,13853.41827,16.33319037,10,1,3,6,0,0,0,1
16554,509.5063477,0,19989.28071,35.20853866,28632.52311,19.11980583,5,1,0,0,0,0,0,1
16745,9709.905273,6,65060.40387,221.1494306,49923.37968,25.42004781,4,3,0,4,0,2,0,1
16763,4821.354004,13,32756.77955,115.4315944,60609.32584,2.192312853,2,1,0,0,0,0,0,1
16803,7635.726563,3,38522.82823,106.4021571,31812.23375,179.9281894,9,2,0,7,1,0,7,1
16826,1288.922852,0,18153.11688,68.87478898,35150.23325,9.74367232,10,1,1,2,0,0,0,1
16840,574.0986938,3,9043.303321,25.05897396,8643.965928,3.724429573,3,1,2,0,0,0,0,1
16861,1956.988892,8,34577.34264,154.5616613,72591.6411,17.90359901,0,0,0,1,0,1,0,1
16868,729.1671143,2,30479.21879,152.2530926,26063.28058,6.999092716,3,1,0,0,0,0,0,1
16997,1714.996582,2,37697.80592,218.9999139,34873.01381,42.21329281,4,1,0,0,0,0,0,1
17036,447.9697266,0,9189.670842,26.37564168,8533.342491,4.829309427,2,1,1,0,0,0,0,1
17059,4694.598145,14,34502.7213,104.0634228,48047.08431,31.48688139,4,1,1,5,0,0,0,1
17067,232.1335754,0,44320.05885,163.1981337,38804.49492,18.79100801,4,1,3,3,0,0,0,1
17148,894.0198364,4,64553.32343,226.1513993,48907.65776,37.29197081,6,2,0,0,0,0,0,1
17199,109.8807602,3,44715.95278,187.2280366,36693.01747,3.72802588,1,1,0,0,0,0,0,1
17232,156.7952576,6,7353.343819,216.2286669,1194.607058,5.519740117,4,1,0,0,0,0,0,1
17367,266.3089294,1,11813.65919,15.64525614,24666.02325,0,0,0,0,0,0,0,0,1
17410,104.7240295,5,21687.5166,90.45218971,41630.9617,3.842160105,0,0,0,0,0,0,0,1
17527,283.3696899,15,33086.54497,69.3680491,21324.93841,22.4085506,0,0,0,0,0,0,0,1
17543,462.816864,5,46966.3195,76.33097764,24254.16199,14.61662826,0,0,0,0,0,0,0,1
17668,10991.46484,12,31529.08083,370.0172718,64963.72344,198.8436109,4,1,0,16,0,2,0,1
17672,12128.92969,3,29971.07517,84.6088814,44157.53157,147.5499152,6,1,0,0,0,0,0,1
17687,3750.806641,0,85432.29155,178.3188242,57228.16993,202.8757256,15,2,2,23,0,0,1,1
17694,103.6194458,0,24867.80608,80.58808453,15276.64847,44.86774526,3,1,0,0,0,0,0,1
17705,2669.913086,1,23679.65712,69.96781729,42036.55667,7.992349831,0,0,0,0,0,0,0,1
17710,7868.695801,11,54627.04799,837.4753562,49288.05932,196.0656767,6,2,1,15,0,2,2,1
17731,23736.42188,0,36182.51133,80.118477,53425.99355,138.7058929,7,1,6,0,0,0,4,1
17737,134.9055634,0,28007.67314,79.23169956,44097.39755,5.467809041,0,0,0,0,0,0,0,1
17840,2344.333496,3,25380.84241,112.663577,34071.56928,115.6115766,5,2,0,3,0,1,0,1
17925,6264.429199,19,58304.06894,175.7119188,67294.91838,120.8406534,8,2,0,0,1,1,1,1
17997,1054.535889,1,11228.81674,95.31779748,41815.40546,11.52933401,1,1,0,1,0,0,0,1
18001,1028.762817,2,29841.98481,150.544157,25849.65516,4.867536483,0,0,0,0,0,0,0,1
18005,2809.203613,15,64259.73137,183.3286105,64594.54115,219.7501052,4,2,3,2,0,4,9,1
18039,1156.360352,12,45810.11549,194.2001356,46369.29686,13.58836155,1,1,0,0,0,0,0,1
18076,1112.742432,5,37263.95212,54.34512619,18657.8334,14.56867985,0,0,0,4,0,0,0,1
18084,10358.9375,0,32164.00421,90.41674621,59817.10838,140.6620543,8,1,0,10,1,0,0,1
18131,1106.618164,11,41713.04822,242.8324437,47289.68687,13.83942476,1,1,0,0,0,0,0,1
18151,4461.280273,14,28593.92147,133.8397995,44095.22918,59.7097934,5,1,0,0,0,0,0,1
18153,196.8460236,0,31131.47,105.6377283,44837.63249,25.15125425,4,1,0,0,0,0,0,1
18167,565.9526367,10,68345.87138,280.63386,39784.81986,48.57502001,5,3,1,0,0,0,0,1
18182,361.2460632,1,45387.24855,131.4560873,88567.03186,21.26903449,9,1,0,0,0,0,0,1
18220,900.4818726,4,36584.62777,139.603272,36629.29876,12.09953162,1,1,0,0,0,0,0,1
18255,667.1974487,1,19459.68658,152.9836768,41189.13851,7.419938732,0,0,0,0,0,0,0,1
18321,6819.05127,0,25169.35313,85.48825642,34052.32976,93.26055663,7,2,2,0,0,0,0,1
18329,863.6815186,2,32547.75641,115.6311012,39134.7218,7.488972608,0,0,0,0,0,0,0,1
18340,4952.037109,23,67876.94742,157.0573528,54246.68361,96.916811,6,1,5,2,1,1,2,1
18370,2208.532959,3,20647.06194,52.12427162,30233.76861,55.32881651,6,1,0,2,0,0,0,1
18376,205.6986084,0,21371.13363,173.7154038,24095.11348,8.58197445,0,0,0,0,0,0,0,1
18438,162.8987732,1,28660.21317,92.87551596,30317.34117,16.51741145,5,1,0,1,0,0,0,1
18454,62.34387589,0,17471.93912,76.87890131,19070.85952,1.912494311,0,0,0,0,0,0,0,1
18464,10032.07129,7,58012.20631,5150.639292,34487.123,146.2619623,4,2,2,4,0,1,0,1
18466,416.5792847,2,23715.33938,88.27945277,27631.75648,27.2704353,9,1,0,1,0,0,0,1
18494,692.0149536,5,63866.64606,112.6660659,46519.50624,5.664300039,0,0,0,0,0,0,0,1
18526,20610.38086,22,43854.23478,316.2781666,52476.63533,56.22779741,14,3,1,4,0,0,0,1
18603,1102.825684,0,29699.23639,268.635839,37889.19772,91.73797869,2,2,0,1,0,0,0,1
18620,5840.927734,15,64254.20317,571.9589749,42895.58047,84.4208668,9,1,1,19,0,1,2,1
18624,403.1110229,19,40731.40534,189.3424603,42221.17631,7.177513246,0,0,0,0,0,0,0,1
18629,213.7393646,2,13140.88114,47.38718899,43928.63664,10.67784919,0,0,0,0,0,0,0,1
18682,13488.67285,15,37340.44786,257.3812228,28995.82237,171.4335948,9,3,0,7,0,0,0,1
18713,320.6556702,1,29079.28493,55.61719997,40041.98417,7.761886892,2,1,0,0,0,0,0,1
18757,11503.38379,4,56691.78619,317.3591125,57476.29589,144.9860839,3,2,1,0,1,1,1,1
18795,630.4613037,0,26241.89106,34.45356852,11274.15884,26.43955032,3,1,2,0,0,0,0,1
18835,5081.318848,5,48830.62063,108.9818002,38557.37883,10.56490769,1,1,0,0,0,0,0,1
18846,240.3258362,5,49023.98882,113.2652946,19506.42714,2.236432183,0,0,0,0,0,0,0,1
18918,8867.189453,0,23795.59853,51.7601054,27660.22625,192.3188612,6,1,0,0,0,0,5,1
19011,2017.658691,1,32186.52321,58.08328605,43219.21701,21.25437639,6,1,3,4,0,0,0,1
19100,68.95069885,0,27909.76254,94.22438225,43455.55425,2.446135534,0,0,0,0,0,0,0,1
19150,1816.466309,12,49237.63269,135.4247997,32118.03569,106.4107252,1,2,2,3,0,1,0,1
19187,6398.878906,10,57694.73124,646.4133759,44435.78124,160.7205592,4,2,1,0,1,0,0,1
19205,202.7685089,0,37983.18695,187.3291628,34863.37308,5.309076154,0,0,0,0,0,0,0,1
19239,4166.197754,1,26549.82873,76.27163295,28104.08751,25.69452855,7,1,0,0,0,1,2,1
19241,2554.048584,2,22386.99443,131.0770665,70538.27502,52.08145087,4,1,0,1,0,0,0,1
19248,6752.16748,6,30418.97442,445.6349686,37015.7067,29.1022782,4,1,1,0,1,0,0,1
19423,388.6129761,0,28091.73805,67.90390085,31704.99945,5.835579715,4,1,0,0,0,0,0,1
19479,40.85229492,0,39710.84495,164.1118424,49861.15716,9.104396908,0,0,0,0,0,0,0,1
19590,3315.025635,0,16662.88052,40.02256313,12887.26085,16.98528727,4,1,0,0,0,0,0,1
19655,826.6635742,5,9705.406335,48.00910814,30085.54854,7.089446081,2,1,0,1,0,3,0,1
19656,1648.88208,1,42246.56424,79.18467077,57612.41427,17.15948855,4,1,0,0,0,0,0,1
19658,172.8443146,1,23098.1404,137.0327877,30370.55787,0,0,0,0,0,0,0,0,1
19714,3843.586914,11,65048.11183,204.2362512,54508.20493,151.1768193,9,2,4,4,0,2,7,1
19749,29.18695641,3,23104.32179,68.53254421,39528.19317,9.440138283,2,1,0,0,0,0,0,1
19865,3512.054443,5,40065.56608,84.17383999,31922.71008,65.86494259,5,2,4,0,0,0,0,1
19912,99.39439392,0,21470.99468,83.98967216,218522.9023,2.189755401,0,0,0,0,0,0,0,1
20006,2949.180908,4,60612.59525,95.86421287,31886.06461,73.71563867,3,1,0,1,0,0,0,1
20020,468.7809143,2,45567.05736,83.61071341,23305.8995,14.36835111,1,1,0,1,0,0,0,1
20028,1479.099854,1,42271.40005,76.52641967,45149.68591,45.88464189,4,1,0,3,0,1,0,1
20125,635.996521,1,17802.66533,110.9156314,25739.9362,68.45755192,9,1,2,2,0,0,1,1
20152,1633.872925,8,24816.18277,244.1544595,24660.31961,138.9114793,7,1,1,3,0,2,0,1
20207,3703.23877,15,57243.01909,98.75557434,92088.24703,30.14260166,5,1,0,0,0,0,0,1
20295,3405.443359,5,25462.85107,66.44071035,33208.65089,16.42763314,6,2,0,4,0,0,0,1
20322,522.7120972,0,20157.8134,33.60598882,28944.85402,45.92970355,7,1,1,0,0,0,0,1
20374,861.8203125,1,20698.2436,50.27758716,41446.79376,16.90230748,2,1,0,0,0,0,0,1
20618,2371.991943,1,23001.89751,66.79859734,24450.96658,52.97762725,3,1,2,0,0,0,0,1
20702,536.93927,2,13464.78462,39.98050675,34356.48532,12.70232876,8,1,2,1,1,1,0,1
20703,946.0019531,0,37361.11258,79.28121292,30479.66631,33.31873458,1,2,0,6,0,0,0,1
20833,814.321167,1,23682.12608,183.5788892,13815.33406,3.905212959,2,1,0,0,0,0,0,1
20875,8393.542969,1,15782.88915,41.56413118,39874.34829,19.96245968,11,1,0,1,0,1,0,1
20880,28.33683205,3,15264.47515,62.11499983,13904.7045,0.149863184,1,1,0,0,0,0,0,1
20938,359.1198425,0,15800.05177,50.16776509,26184.55534,17.3164147,5,1,2,0,0,0,0,1
21006,188.9178619,0,9514.323931,74.05420544,26902.49767,2.939944051,3,1,0,1,0,0,0,1
21137,774.9590454,0,25135.21844,53.50037522,21624.32953,20.73201973,6,1,2,1,0,0,0,1
21275,539.647522,0,30967.55826,73.68593337,34711.62832,12.03499331,3,1,0,6,0,0,0,1
21284,617.8764038,28,38286.03995,160.2329903,32467.9058,25.54245072,2,1,0,0,0,0,0,1
21408,2239.951416,6,28013.66637,101.5895698,37699.08884,105.143388,7,1,0,1,0,0,0,1
21498,373.6664734,0,9983.129719,23.06750992,26349.00751,18.98656588,4,1,0,0,0,0,0,1
21579,1633.41272,1,24703.69798,108.2046012,28822.01419,22.40737957,3,1,0,3,0,0,1,1
21610,350.946106,3,9926.435385,56.17594415,32947.20282,2.337224714,3,1,0,0,1,0,0,1
21738,33.32717514,1,15492.69305,30.97596034,19998.035,0,1,1,0,0,0,0,0,1
21895,97.30969238,0,15232.64432,194.6019712,25144.20806,27.90760956,6,1,0,0,0,0,0,1
21901,4163.727539,1,19164.53273,59.0001158,29149.89615,74.98534908,5,1,0,0,0,0,0,1
21916,645.3808594,0,16856.20312,79.80110826,136783.0815,2.512224124,3,1,0,0,0,1,0,1
22038,776.7600708,1,18853.60043,42.54546946,23487.80123,29.79623021,4,1,2,1,0,0,0,1
22239,1387.140259,0,20237.88226,68.6210488,31247.81847,29.32618418,5,1,0,3,0,0,0,1
22506,99.26783752,1,28351.44159,57.62418485,14253.90457,20.53056507,1,1,1,0,0,0,0,1
22597,1322.5625,1,20501.89995,83.80183681,32094.1418,29.13719559,10,1,0,0,0,0,0,1
22926,588.0488892,6,32033.15394,53.33413718,20905.81054,18.86291627,0,0,0,4,0,0,0,1
22965,78.47627258,1,29553.10494,55.8423949,14319.81976,0,0,0,0,0,0,0,0,1
22975,914.1983643,2,31593.54515,219.7957269,18390.26214,42.07366993,1,1,0,0,0,0,0,1
22989,204.7886047,3,16952.60856,102.1100277,155074.7763,2.182094845,0,0,0,0,0,0,0,1
23016,216.3240662,5,10493.65297,34.07268953,58020.28481,8.689738931,1,1,0,0,0,0,0,1
23079,149.2591248,2,22043.21202,246.6664038,72216.48876,5.993265348,0,0,0,0,0,0,0,1
23080,815.9777832,15,14201.75333,64.25816357,9101.137538,17.48162874,2,1,0,0,0,0,0,1
23143,739.0490723,0,11554.53701,60.12589748,84712.21797,2.149634412,0,0,0,0,0,0,0,1
23198,485.4414063,2,34971.83622,113.1359284,191698.4597,10.62804862,6,1,0,1,0,0,0,1
23231,56.21818924,0,16721.46555,71.03171836,19312.22301,1.866047391,2,1,0,0,0,0,0,1
23391,0,6,26617.54159,312.1669467,19994.10359,41.74286246,2,1,0,0,0,0,0,1
23506,3018.563232,0,21801.04588,79.89807501,27001.71428,68.68330069,4,1,0,12,0,1,1,1
23550,71.81562805,1,17680.08549,97.46169705,18971.68204,0.924040873,2,1,0,0,0,0,0,1
23566,82.99832153,0,12062.20793,36.53054087,15201.61913,0,0,0,0,0,0,0,0,1
23586,437.921936,0,29077.37478,70.55243207,148672.0077,7.265045365,1,1,0,0,0,0,0,1
23616,1458.236816,0,27772.06078,42.15887887,21896.4396,23.26432067,7,2,0,1,0,0,0,1
23643,444.2159729,1,30849.31548,85.38715738,19090.44033,5.887735962,0,0,0,0,0,0,0,1
23906,429.4883728,0,29670.47831,83.34064904,261094.6752,16.2398533,5,1,2,3,0,0,1,1
23920,3111.525146,16,13253.48505,103.3506415,31226.04931,12.82567615,1,2,0,0,0,1,0,1
24087,2959.02124,4,14168.31011,72.35577175,28816.67837,15.63997663,2,1,2,1,0,0,1,1
24306,161.7893829,0,31718.69351,84.20723897,223284.4767,30.03147312,7,1,2,0,0,0,0,1
24498,595.3598022,0,21588.23065,76.05703879,13366.59525,2.585102151,3,1,2,0,0,0,0,1
24595,128.320343,0,17214.10274,188.9638905,47747.76132,12.64078018,1,1,0,0,0,0,0,1
24652,3881.802246,11,16549.13442,123.5788587,28912.53478,15.50637243,2,1,0,0,0,0,0,1
24816,464.0125427,9,22740.43682,73.86588966,25322.15091,3.243250259,1,1,0,0,0,0,0,1
24908,793.2791138,1,14016.95408,85.41888287,40126.8945,39.65504565,2,1,0,3,0,0,0,1
25083,8972.106445,0,15648.18715,27.14282811,36128.68739,11.04606221,7,1,0,6,2,2,0,1
25145,4951.502441,7,12348.98979,46.23750298,37132.20218,35.03407738,2,1,5,0,0,0,0,1
25488,469.8123779,1,14704.91568,58.73487845,16667.3654,15.27737292,4,1,0,0,0,0,0,1
25558,1495.892578,5,33513.57858,78.59950816,27940.8603,110.7598601,9,1,0,2,0,1,0,1
25718,1952.20105,18,15680.66504,75.18866893,57638.23063,32.28362155,4,1,3,1,0,1,0,1
25853,3031.237793,2,29863.92802,88.73434957,15553.42137,175.0843652,9,1,0,6,0,0,1,1
25868,1721.775024,11,24617.31033,50.23798804,25696.89533,34.50243105,4,1,0,0,0,0,0,1
25954,87.97205353,0,13915.36103,96.56386897,51195.51447,0,0,0,0,0,0,0,0,1
26222,951.1323853,0,29143.34449,78.30877183,27842.25909,18.16557886,1,1,0,0,0,0,0,1
26237,69.58534241,0,16038.37838,67.05092832,28936.68397,6.44771996,2,1,1,0,0,0,0,1
26244,277.5040588,1,31368.65091,54.24428524,23067.87161,17.82471521,0,0,0,1,0,0,0,1
26275,166.9210663,2,30800.66282,113.2287779,42449.13919,6.541790669,3,1,0,0,0,0,0,1
26386,362.3073425,0,48121.94643,119.6535223,45066.90603,31.79907465,1,1,0,1,0,0,0,1
26418,584.5178833,0,18801.99144,75.83478248,21725.17547,3.628144269,1,1,0,0,0,0,0,1
26419,160.5117035,5,25559.92067,86.97626337,47193.46038,0.857315318,0,0,0,0,0,0,0,1
26577,254.106781,10,11552.15849,62.12596377,8911.633777,10.40339771,4,1,0,0,0,0,0,1
26757,251.0594482,0,19117.31643,46.3985344,16850.95344,9.951666442,1,1,0,0,0,0,0,1
26780,1469.869507,11,20622.27876,39.56133354,30943.13737,76.85727632,9,1,0,1,0,0,1,1
26810,1878.314575,0,18384.96258,66.65255646,24524.91835,23.81876892,9,1,0,0,0,0,0,1
26882,1075.787476,2,16188.7634,49.38903338,35654.22735,8.99139244,1,1,0,0,0,0,0,1
26924,608.9048462,0,14617.4167,72.64443051,8086.161898,10.2026134,1,1,0,0,0,0,0,1
27130,864.12677,3,33971.46708,83.96780216,21338.33077,43.86314962,1,1,0,0,0,0,0,1
27138,48.99900436,7,61918.51714,147.7326749,28315.62705,0,0,0,0,0,0,0,0,1
27344,1920.110352,13,20284.38266,98.02069961,13597.58036,34.73511913,6,2,0,0,0,0,0,1
27384,766.7402344,0,17364.6582,87.46836956,22960.3817,4.311835394,4,1,0,1,0,0,0,1
27425,1518.254395,12,15309.94107,61.86828782,17873.06684,6.663502295,2,1,2,1,0,0,0,1
27450,2328.76001,4,29764.53128,45.90699562,28208.03659,59.43934297,8,1,0,1,0,0,1,1
27550,1937.376465,11,17697.84154,69.10175068,45265.70348,37.28601843,5,1,0,1,0,0,0,1
27575,718.2063599,0,30634.05279,76.53525285,14735.39154,21.55713445,3,1,0,0,0,0,0,1
27595,287.7101135,1,27900.96781,179.1494415,18728.88655,7.670012853,0,0,0,0,0,1,0,1
27670,197.8697052,2,16778.81151,47.23043288,23109.01062,2.764769733,1,1,0,0,0,0,0,1
27744,8847.308594,6,16720.23743,110.9042115,16758.55293,97.19931014,6,1,0,0,0,0,0,1
27821,1327.059204,2,41431.97713,62.58387986,31285.30351,18.70849136,6,1,0,0,0,0,0,1
27894,1268.337158,1,40194.18974,82.11263267,78627.18411,6.475970089,1,1,0,0,0,0,0,1
27911,1243.746216,3,62308.92571,823.8231783,13626.94209,30.82907281,6,1,2,0,0,0,2,1
28008,962.5290527,1,10246.34421,33.91624553,8760.645128,10.04256731,3,1,1,1,0,1,0,1
28027,1291.597534,8,37792.03882,159.5757963,12067.32283,19.76650194,2,1,0,0,0,0,0,1
28204,4827.317383,13,21741.30587,150.8087478,17414.3459,24.04329459,4,1,0,0,0,0,0,1
28232,1609.385742,1,35020.37947,115.1322599,82411.86636,10.82464202,2,1,0,0,0,0,0,1
28346,1225.048828,2,23644.44273,49.78615651,30739.72903,10.00719078,7,1,0,4,0,0,0,1
28439,411.1976929,3,10180.00187,41.98701004,11240.20671,8.348957698,1,1,0,0,0,0,0,1
28519,204.9238281,0,44287.55689,70.24940236,44204.84047,20.59836151,1,1,0,1,0,0,0,1
28709,378.4246826,0,15150.74453,288.8102299,2065.611947,10.8123665,1,1,0,0,0,0,0,1
29019,1216.404541,3,18127.19709,68.52758479,14057.53079,38.43380111,6,2,1,4,0,0,0,1
29273,1580.240845,0,18502.81741,47.31089661,25123.13284,69.23870407,17,1,3,9,0,0,4,1
29290,779.5100708,5,20690.10138,73.99490176,46722.13932,7.4484931,5,1,0,0,0,0,0,1
29345,819.1883545,6,40714.16354,51.83161069,27310.33118,11.23143764,6,1,0,0,0,0,0,1
29354,4243.420898,0,24569.17077,69.0855971,30252.76427,35.80794587,5,1,0,0,0,1,0,1
29481,623.600708,12,22737.78662,437.4267198,16342.65959,46.53151744,3,1,2,0,0,1,0,1
29587,1136.957397,0,19685.53755,45.58030578,23919.55825,42.73187723,7,1,1,2,0,0,1,1
29670,385.63974,4,16895.28265,53.67000649,24887.94211,46.969555,4,1,1,7,0,0,2,1
30110,601.5891724,1,47783.993,25.80934639,54198.35813,9.286024213,0,0,0,0,0,1,0,1
30112,159.7307892,0,10961.71739,620.2492572,7354.301214,4.12701458,0,0,0,0,0,0,0,1
30296,103.8623352,0,28145.61301,56.24140417,15107.13938,3.539745102,1,1,0,0,0,0,0,1
30311,1244.830078,6,15451.49966,67.29587166,16729.20091,2.283909333,0,0,0,1,0,0,1,1
30472,1239.280762,0,24969.95393,92.67014119,24128.37907,33.63806889,1,1,0,5,0,2,0,1
30657,2271.339355,8,37247.30129,146.6149438,34004.56765,12.37202128,0,0,0,0,0,0,0,1
30661,844.8510742,0,22924.26126,79.44334668,24267.43223,42.32784499,6,1,0,0,0,0,0,1
30673,245.7120514,2,22480.94914,85.26898616,297335.7799,4.952809513,4,1,0,1,1,0,0,1
30694,110.3035736,11,12766.39987,64.27371123,8067.57029,5.074934866,0,0,0,0,0,0,0,1
30816,575.3816528,0,22777.89714,71.03094854,102007.9846,7.74261794,5,1,1,2,0,0,1,1
31200,2842.093018,0,33150.9938,65.97946704,23206.49544,53.48597822,2,1,0,0,0,0,0,1
31241,1929.187866,18,18143.23082,75.94424133,36201.3746,31.51452254,9,1,0,0,1,1,0,1
31288,394.2158508,1,26091.7193,160.5894371,23960.15333,13.3850753,3,1,0,2,0,0,0,1
31297,1282.363281,2,16461.70222,79.36150686,31862.14886,54.25781866,10,1,0,0,0,0,0,1
31298,374.0653992,13,23577.40019,70.6014181,20237.81752,13.32697707,2,1,0,0,0,0,0,1
31579,24.54840469,0,20245.79094,95.82754646,242207.9723,2.520215184,0,0,0,0,0,0,0,1
31605,582.5720215,4,18993.53385,72.94106143,115325.1186,18.60028607,6,1,2,0,2,0,0,1
31733,6371.760254,0,24763.33262,44.12553838,24447.63842,190.004617,7,1,0,0,11,1,2,1
31860,1032.462646,1,31012.91635,52.25413516,22149.70073,20.37045409,0,0,0,0,0,1,0,1
31921,180.1455994,0,28837.94659,86.7131241,234775.4996,14.50377931,3,1,1,8,0,0,0,1
32026,867.2248535,0,45538.74926,92.30791951,52442.87872,23.73403034,4,1,0,0,0,0,0,1
32072,1423.839844,15,15355.18843,63.95915635,40670.01942,77.88220354,8,1,0,1,0,0,0,1
32150,2342.151123,3,24299.1855,105.3197487,39428.19201,11.06672098,1,1,0,4,0,0,0,1
32244,66.95287323,0,19710.17382,51.27884642,26432.03726,12.68066816,2,1,0,2,0,0,0,1
32245,1129.543457,1,38135.21665,100.4001132,67683.71182,17.40812004,1,1,0,0,0,0,0,1
32479,1453.324341,2,32153.44501,90.31114335,24498.69963,179.206393,13,1,0,3,0,0,0,1
32493,1423.792114,1,27032.88033,102.7900668,17334.37111,19.7266534,1,1,0,0,0,0,0,1
32528,615.2640381,1,14082.70234,79.35425332,45098.00665,12.15798448,5,1,1,1,1,0,0,1
32581,575.3423462,3,23066.65502,78.83192891,26380.62863,13.6293858,8,1,1,0,0,0,0,1
32619,1118.138672,3,23745.3416,106.1536716,29102.75386,9.339504335,1,1,0,0,0,0,0,1
32676,1564.26001,5,34960.9133,147.7018241,56283.90769,57.91266892,3,1,0,0,0,0,0,1
32790,156.8851318,0,21928.92138,47.46580528,31155.27871,21.12033844,3,1,0,0,0,0,0,1
32839,2157.830322,4,43649.31911,215.2414072,42113.22512,51.18657215,2,1,0,0,0,0,0,1
32906,242.4947052,4,18135.87055,123.6964925,25014.87518,13.6593803,1,1,0,0,0,0,0,1
32952,1624.998169,0,33863.21495,103.9917287,86993.64712,11.24248546,0,0,0,1,0,0,0,1
32999,1021.833618,0,18971.76926,62.78568772,24430.27779,20.22538511,3,1,0,0,0,0,0,1
33037,607.5549316,9,19552.77327,88.8810825,59038.88087,27.18755239,2,1,0,0,0,0,0,1
33051,129.8091736,1,25534.55742,120.2376465,24529.4225,5.405580587,1,1,0,0,0,0,0,1
33229,944.6327515,0,27003.12222,85.24427922,46518.27811,23.92165882,1,1,0,2,0,1,0,1
33258,59.8526535,1,22255.70774,123.7123377,35179.30572,3.806936607,2,1,0,0,0,0,0,1
33271,1305.282593,2,23347.68001,61.58096537,8816.571796,13.28785129,3,1,0,4,0,1,1,1
33314,0,0,15084.74535,57.85698117,20579.42604,2.224259886,0,0,0,0,0,0,0,1
33317,995.526001,0,21873.17391,117.1578905,28618.52066,32.81409796,3,2,0,1,0,0,0,1
33364,2763.096924,1,19534.96405,58.10609107,31731.94121,146.5961884,15,1,0,10,0,0,2,1
33422,2082.710205,8,15750.01136,123.3570048,38816.17196,39.01808668,3,1,0,1,0,0,4,1
33423,2124.965088,3,23347.64344,90.70272589,29098.16751,138.4683974,8,1,2,7,0,2,0,1
33446,941.8873291,0,30613.98792,58.4713029,19206.75273,7.953576571,3,2,0,1,0,0,0,1
33468,2178.43335,0,30265.08819,121.7273142,12253.63598,25.8696467,1,1,0,0,0,0,0,1
33478,786.9616089,0,23279.84568,46.04479726,28438.47983,33.54412351,4,1,0,3,0,0,0,1
33494,128.8331757,2,20570.49068,86.0870204,748556.3623,0,2,1,0,2,0,0,0,1
33501,779.1668091,0,21551.3645,62.84659507,5548.159946,27.33141201,4,1,0,0,0,1,0,1
33532,181.0239563,0,12968.86891,83.94995598,26010.2968,35.68504886,3,1,0,0,0,0,0,1
33535,2658.437988,1,19722.14296,85.07376327,24779.15987,14.74823083,6,2,0,10,2,0,2,1
33588,286.7340393,0,18873.96925,85.04047072,144708.4665,4.65827171,3,1,0,0,0,0,0,1
33638,0,0,28619.14106,51.4970479,30103.02465,11.18365886,0,0,0,0,0,0,0,1
33659,977.3798828,0,23536.92451,54.40367118,24021.15511,38.34149831,10,1,1,4,0,1,0,1
33764,716.1933594,0,37123.32275,235.4909194,16832.86288,3.143348167,3,1,0,0,0,0,0,1
33774,562.0412598,4,32444.50077,199.3333248,14447.5933,2.918171175,1,1,0,0,0,0,0,1
33816,0,0,31163.67573,50.95221684,20104.37727,55.71287398,4,1,0,0,0,0,0,1
33833,2751.295166,2,31928.52033,109.6358067,5551.705464,9.445845753,6,1,0,3,0,0,2,1
33843,1468.953247,7,24101.64792,69.00869036,14430.60016,27.88747455,5,1,0,0,0,0,0,1
33844,538.4919434,2,43484.17956,296.3927463,13416.78843,4.358200611,4,1,1,0,0,0,0,1
33934,2033.910034,10,18296.85296,73.22512856,47638.45691,23.78724068,4,1,0,0,0,0,0,1
33935,1127.980347,1,15722.39676,57.83798161,31769.96477,13.64458771,2,1,0,0,0,2,0,1
33955,292.7173767,0,28480.89956,44.24269445,23554.45784,24.3153358,2,1,0,0,0,0,0,1
33969,0,0,22799.68759,101.8908708,20314.2325,88.5250311,4,2,0,2,0,0,0,1
33981,700.7072754,0,19889.44856,45.7491433,45830.37701,19.85309451,5,1,0,0,0,0,0,1
33986,578.6541748,5,30567.2142,79.73872912,51907.26367,37.93753576,5,1,0,4,0,0,0,1
34057,859.6316528,12,20010.15835,90.64020937,30942.36895,27.21171599,6,2,0,0,0,1,0,1
34153,717.7106323,13,24199.41723,102.5624908,21246.4511,14.60244354,2,2,0,0,0,0,0,1
34159,3838.806152,5,33958.37093,140.7642437,18756.56504,13.65997951,4,2,0,1,1,1,1,1
34167,964.5375977,1,23113.13263,79.21846318,44199.23469,15.66774386,2,1,0,0,0,0,0,1
34277,239.3888092,0,35060.08341,146.1842061,50847.23111,6.800647561,0,0,0,0,0,0,0,1
34314,5793.74707,0,16961.2249,67.43378696,31808.31927,181.8097501,8,1,0,0,0,0,0,1
34330,128.2762451,0,22727.78925,19.51718934,27110.08036,15.46374376,2,1,0,0,0,0,0,1
34340,4819.664063,0,23960.95936,105.9930524,29211.54668,34.46473002,7,1,0,2,0,1,0,1
34454,743.0359497,9,18121.56921,54.34067725,24825.32641,9.926969845,3,1,0,1,0,0,0,1
34508,715.9642334,3,23499.61572,112.3786647,24950.63144,14.67516073,2,1,1,1,0,0,0,1
34601,1239.074707,3,46615.55672,107.6759395,54437.27455,19.82356159,5,1,0,0,1,0,0,1
34614,369.5774536,5,24651.81052,159.6024606,23819.03176,18.20209337,4,1,0,0,0,0,0,1
34693,717.7991943,0,26722.36808,54.38594235,19092.86884,9.757631826,9,1,2,1,1,0,0,1
34723,1227.359253,1,20649.31454,52.32515387,31324.29125,30.13683475,3,1,0,2,0,0,0,1
34791,544.7648926,0,15276.09909,38.57275607,21902.35704,7.369911679,3,1,0,0,0,0,0,1
34821,1046.247314,1,19065.66973,48.2089729,31455.60075,29.3732456,8,1,0,0,0,0,0,1
34882,2921.051514,6,31965.33483,63.37485653,18479.15649,32.86412865,1,1,0,1,0,0,0,1
34917,1163.850342,12,21103.0053,123.2592941,61906.36036,38.95293157,4,1,0,0,0,0,0,1
34940,3439.232178,1,22701.99839,79.10117713,17081.26428,28.70714439,8,1,0,9,1,0,2,1
34946,408.7249756,4,36185.63715,109.5454301,63351.08494,15.48359425,0,0,0,0,0,0,0,1
34988,1158.673096,0,32173.54594,57.5406382,19966.16149,69.05984547,4,2,0,6,0,0,0,1
35021,2966.434814,0,38667.33711,76.58256577,63195.95272,34.01632246,2,1,0,1,0,0,0,1
35024,680.645752,5,37953.56286,107.8431575,9886.303231,0,2,1,0,0,0,0,0,1
35034,1055.430664,0,21909.95963,45.53535608,29375.58419,14.5338124,2,1,0,2,9,0,0,1
35094,1355.4552,0,21494.27875,67.79980228,31181.48333,108.3406745,8,1,0,0,0,0,0,1
35109,3771.274902,5,20125.9049,104.672217,30314.49024,16.61238214,3,1,0,0,1,1,0,1
35246,371.7037354,1,22975.55086,136.0926712,24432.78973,11.72439808,1,1,0,0,0,0,0,1
35251,917.8309326,1,29380.70473,37.33689144,26466.21229,13.08940836,2,1,0,0,0,0,0,1
35265,874.1738892,1,22029.70825,46.29332495,15341.87342,33.77955935,8,1,0,2,0,0,1,1
35278,458.0046387,2,38187.47064,121.7307434,18819.88004,21.74881897,4,1,3,0,0,0,0,1
35336,333.5362244,0,16605.62365,55.6090824,25733.89099,4.340120843,1,1,0,0,0,0,0,1
35460,494.8811646,3,35610.80335,77.65790017,24809.77252,4.065796586,1,1,0,0,0,0,0,1
35470,126.7379913,0,15908.9807,76.00384638,25384.2586,2.7474042,0,0,0,0,0,0,0,1
35477,1877.94812,7,16930.643,58.33661226,27916.31615,24.22292393,5,1,0,0,0,0,0,1
35493,2032.580444,0,27250.9839,53.03963776,23518.5308,15.72237259,7,1,0,9,0,0,3,1
35510,126.3975372,5,15443.88463,33.77451258,73533.85215,2.40928828,1,1,0,0,0,0,0,1
35555,2404.055908,5,25295.81367,50.61725341,29777.20489,163.2344069,11,1,0,0,0,0,0,1
35584,1895.595947,0,17437.54525,55.20055259,24324.66442,10.25380447,1,1,0,0,0,0,0,1
35599,944.6071167,19,15962.79839,61.99970266,25664.63889,38.94501621,2,1,0,2,0,0,1,1
35617,160.9276733,4,36463.70417,75.3541538,319329.6151,0,0,0,0,0,0,0,0,1
35685,148.7961578,1,29789.54629,84.10838048,232731.6502,15.63707171,1,1,0,0,0,0,0,1
35762,2218.483887,3,24817.35649,174.0358717,23566.85871,122.7024026,2,1,0,3,4,0,2,1
35773,481.3082275,1,37328.3167,114.2095313,26695.30453,0,0,0,0,0,0,0,0,1
35779,1864.053223,0,24856.68262,92.64867606,16456.76681,54.99032422,8,1,0,0,0,0,0,1
35795,2733.416748,6,22516.59649,58.77546904,29575.21107,8.482126213,6,1,1,0,0,0,0,1
35844,289.7585754,0,20224.00643,42.72400997,14621.46594,4.380452356,0,0,0,0,0,0,0,1
35938,1063.90332,0,24085.97504,92.90243171,20618.52038,51.37819778,4,1,1,1,0,0,0,1
35942,483.4261475,0,20962.34354,74.06664775,43338.08007,24.42275021,3,1,0,0,0,0,0,1
35947,107.1248474,6,17396.07565,52.56869295,23664.37257,11.81438835,3,1,0,0,0,0,0,1
